Name,Profile URL,Followers,Status,Reasons,Discovered Via Query
AI Explained Simply,https://www.youtube.com/@aiexplainedsimply-f4t,6,REJECTED,"6 subscribers is outside 5,000–100,000",python tutorial for beginners
Pankaj Panjwani,https://www.youtube.com/@panjwanisoftwares,19600,REJECTED,Engagement 1.27% < 2.00% minimum,python tutorial for beginners
The ProgKnight,https://www.youtube.com/@theprogknight,5,REJECTED,"5 subscribers is outside 5,000–100,000",python tutorial for beginners
aplabs,https://www.youtube.com/@aplabs-ap9,12,REJECTED,"12 subscribers is outside 5,000–100,000",python tutorial for beginners
Codexani,https://www.youtube.com/@codexani,828,REJECTED,"828 subscribers is outside 5,000–100,000",python tutorial for beginners
Niraj Karki,https://www.youtube.com/@nirajkarki.official,705,REJECTED,"705 subscribers is outside 5,000–100,000",python tutorial for beginners
Vertex.Studio,https://www.youtube.com/@vertexstudio-26,7,REJECTED,"7 subscribers is outside 5,000–100,000",python tutorial for beginners
Ishant Singh,https://www.youtube.com/@ishant_verse8,0,REJECTED,"0 subscribers is outside 5,000–100,000",python tutorial for beginners
Code with Jeevan,https://www.youtube.com/@jeevancodes_k,15,REJECTED,"15 subscribers is outside 5,000–100,000",python tutorial for beginners
ITVCC | IT Vault CyberCloud,https://www.youtube.com/@itvcc,224,REJECTED,"224 subscribers is outside 5,000–100,000",python tutorial for beginners
Software Technology Empire,https://www.youtube.com/@softwaretechnologyempire-1987,889,REJECTED,"889 subscribers is outside 5,000–100,000",python tutorial for beginners
Web Social Pro,https://www.youtube.com/@websocialpro,106,REJECTED,"106 subscribers is outside 5,000–100,000",python tutorial for beginners
freeCodeCamp.org,https://www.youtube.com/@freecodecamp,11900000,REJECTED,"11,900,000 subscribers is outside 5,000–100,000",python tutorial for beginners
Tech Verge Telugu,https://www.youtube.com/@techvergetelugu,7190,REJECTED,Engagement 1.53% < 2.00% minimum; Content language: other,python tutorial for beginners
KnowledgeCatch,https://www.youtube.com/@knowledgecatch,79400,QUALIFIED,,python tutorial for beginners
Digital Code Lab,https://www.youtube.com/@digitalcodelabs,40,REJECTED,"40 subscribers is outside 5,000–100,000",python tutorial for beginners
Visually Explained,https://www.youtube.com/@visuallyexplainededucation,121000,REJECTED,"121,000 subscribers is outside 5,000–100,000",python tutorial for beginners
Indently,https://www.youtube.com/@indently,367000,REJECTED,"367,000 subscribers is outside 5,000–100,000",python tutorial for beginners
Accounts Expert,https://www.youtube.com/@accounts_experts,723000,REJECTED,"723,000 subscribers is outside 5,000–100,000",python tutorial for beginners
WsCube Tech,https://www.youtube.com/@wscubetech,4480000,REJECTED,"4,480,000 subscribers is outside 5,000–100,000",python tutorial for beginners
CodeHorse,https://www.youtube.com/@codehorse-q4r,2,REJECTED,"2 subscribers is outside 5,000–100,000",python tutorial for beginners
CodeOrbit,https://www.youtube.com/@codeorbit-e6q,9,REJECTED,"9 subscribers is outside 5,000–100,000",python tutorial for beginners
Harsh Codes,https://www.youtube.com/@harsh_codes,31,REJECTED,"31 subscribers is outside 5,000–100,000",python tutorial for beginners
Incellence,https://www.youtube.com/@incellence,2380,REJECTED,"2,380 subscribers is outside 5,000–100,000",python tutorial for beginners
upGrad,https://www.youtube.com/@upgrad_edu,350000,REJECTED,"350,000 subscribers is outside 5,000–100,000",python tutorial for beginners
i-TechSphere,https://www.youtube.com/@i-techsphere,20,REJECTED,"20 subscribers is outside 5,000–100,000",python tutorial for beginners
Easyexplain,https://www.youtube.com/@easyexplain-x8q,5,REJECTED,"5 subscribers is outside 5,000–100,000",python tutorial for beginners
Anthony Sequeira,https://www.youtube.com/@anthonysequeira15626,122000,REJECTED,"122,000 subscribers is outside 5,000–100,000",python tutorial for beginners
Python Programming for Newbies,https://www.youtube.com/@pythonprogrammingfornewbies,15,REJECTED,"15 subscribers is outside 5,000–100,000",python tutorial for beginners
Your Tech Girl!!,https://www.youtube.com/@heenakumari8206,119,REJECTED,"119 subscribers is outside 5,000–100,000",python tutorial for beginners
CodeWithSalar,https://www.youtube.com/@codewithsalar,6990,REJECTED,Engagement 0.00% < 2.00% minimum,python tutorial for beginners
Full Course,https://www.youtube.com/@fullcourseofficial,162000,REJECTED,"162,000 subscribers is outside 5,000–100,000",python tutorial for beginners
Apna College,https://www.youtube.com/@apnacollegeofficial,7940000,REJECTED,"7,940,000 subscribers is outside 5,000–100,000",python tutorial for beginners
Rajvi Patel,https://www.youtube.com/@rajvipatel4,27,REJECTED,"27 subscribers is outside 5,000–100,000",python tutorial for beginners
Tech With Tim,https://www.youtube.com/@techwithtim,2090000,REJECTED,"2,090,000 subscribers is outside 5,000–100,000",python tutorial for beginners
"Tech Academy | Master Code, Tools & Tech",https://www.youtube.com/@techwithsabita,2320,REJECTED,"2,320 subscribers is outside 5,000–100,000",python tutorial for beginners
TECH WITH USAAZ,https://www.youtube.com/@techwithusaaz,200,REJECTED,"200 subscribers is outside 5,000–100,000",python tutorial for beginners
Yashpal AI,https://www.youtube.com/@yashpaleduai,10,REJECTED,"10 subscribers is outside 5,000–100,000",python tutorial for beginners
Abhinav kaushik,https://www.youtube.com/@ka-67-i6r,15,REJECTED,"15 subscribers is outside 5,000–100,000",python tutorial for beginners
Learn AI Coding,https://www.youtube.com/@learnai_coding,26,REJECTED,"26 subscribers is outside 5,000–100,000",python tutorial for beginners
DataBeli,https://www.youtube.com/@databeli,16800,REJECTED,Engagement 1.58% < 2.00% minimum,python tutorial for beginners
Testers Talk,https://www.youtube.com/@testerstalk,31400,REJECTED,Engagement 1.22% < 2.00% minimum,python tutorial for beginners
SimHaul Pro,https://www.youtube.com/@simhaul_pro,1560,REJECTED,"1,560 subscribers is outside 5,000–100,000",python tutorial for beginners
SEA TECHNOLOGIES MEDIA ,https://www.youtube.com/@seatechnologies,3,REJECTED,"3 subscribers is outside 5,000–100,000",learn javascript from scratch
Techwithak_ash,https://www.youtube.com/@techwithak_ash,19600,REJECTED,Content language: other,learn javascript from scratch
Automation Testing Hub,https://www.youtube.com/@prashantpatil0509,472,REJECTED,"472 subscribers is outside 5,000–100,000",learn javascript from scratch
VT_UNPLUGGED,https://www.youtube.com/@vinoth_g-k6k,12,REJECTED,"12 subscribers is outside 5,000–100,000",learn javascript from scratch
Code With Shariq,https://www.youtube.com/@codewithshariq0,7090,QUALIFIED,,learn javascript from scratch
ArbiX Academy,https://www.youtube.com/@arbixacademy,144,REJECTED,"144 subscribers is outside 5,000–100,000",learn javascript from scratch
Gourav Yadav,https://www.youtube.com/@gouravyadaavv,1,REJECTED,"1 subscribers is outside 5,000–100,000",learn javascript from scratch
Adsium Innovation,https://www.youtube.com/@adsiuminnovation,19,REJECTED,"19 subscribers is outside 5,000–100,000",learn javascript from scratch
Anki's Code School,https://www.youtube.com/@ankiscodeschool,921,REJECTED,"921 subscribers is outside 5,000–100,000",learn javascript from scratch
Code Guardian,https://www.youtube.com/@codeguardian-p9,7,REJECTED,"7 subscribers is outside 5,000–100,000",learn javascript from scratch
codewithkhandeveloper,https://www.youtube.com/@codewithkhandevloper,85,REJECTED,"85 subscribers is outside 5,000–100,000",learn javascript from scratch
Octagon FutureForge Tech 2,https://www.youtube.com/@octagon-future-forge-tech-2,155,REJECTED,"155 subscribers is outside 5,000–100,000",learn javascript from scratch
 RM SKYTECH,https://www.youtube.com/@rmskytech,305,REJECTED,"305 subscribers is outside 5,000–100,000",learn javascript from scratch
3Scode,https://www.youtube.com/@3scode,3700,REJECTED,"3,700 subscribers is outside 5,000–100,000",learn javascript from scratch
Programming Notes ,https://www.youtube.com/@programmingnksr,32,REJECTED,"32 subscribers is outside 5,000–100,000",learn javascript from scratch
Online Computer Tutor,https://www.youtube.com/@onlinecomputertutor,17000,QUALIFIED,,learn javascript from scratch
Michigan Online,https://www.youtube.com/@michiganonline,32500,REJECTED,Engagement 1.57% < 2.00% minimum,learn javascript from scratch
Tech Jashwanth,https://www.youtube.com/@techjashwanth,27500,REJECTED,Content language: other,learn javascript from scratch
automation tutorial ,https://www.youtube.com/@automationtestinghindi,63,REJECTED,"63 subscribers is outside 5,000–100,000",learn javascript from scratch
learntagus,https://www.youtube.com/@learntagus,35,REJECTED,"35 subscribers is outside 5,000–100,000",learn javascript from scratch
softwarewithnick,https://www.youtube.com/@softwarewithnick,11700,QUALIFIED,,learn javascript from scratch
Live Coder,https://www.youtube.com/@raj95085,1,REJECTED,"1 subscribers is outside 5,000–100,000",learn javascript from scratch
MU TECH ,https://www.youtube.com/@mutech_43,8,REJECTED,"8 subscribers is outside 5,000–100,000",learn javascript from scratch
Pixel Campus,https://www.youtube.com/@pixelcampus,28,REJECTED,"28 subscribers is outside 5,000–100,000",learn javascript from scratch
CodeWaale,https://www.youtube.com/@codewaale65,19,REJECTED,"19 subscribers is outside 5,000–100,000",learn javascript from scratch
Enise Aydın,https://www.youtube.com/@swenisecodes,37,REJECTED,"37 subscribers is outside 5,000–100,000",learn javascript from scratch
Rishi Raj,https://www.youtube.com/@rishiraj6582,2540,REJECTED,"2,540 subscribers is outside 5,000–100,000",learn javascript from scratch
WebDev Masters,https://www.youtube.com/@webdevmasters1,190,REJECTED,"190 subscribers is outside 5,000–100,000",learn javascript from scratch
Upskilling Monkey,https://www.youtube.com/@upskillingmonkey,47,REJECTED,"47 subscribers is outside 5,000–100,000",learn javascript from scratch
SreekanthWebTech,https://www.youtube.com/@sreekanthwebtech,110,REJECTED,"110 subscribers is outside 5,000–100,000",learn javascript from scratch
Iman Musa,https://www.youtube.com/@imanwmusa,39500,REJECTED,Only 2 eligible videos (need 3),learn javascript from scratch
EngiLab,https://www.youtube.com/@engilab-c7s,32,REJECTED,"32 subscribers is outside 5,000–100,000",learn javascript from scratch
Not Your College,https://www.youtube.com/@notyourcollege,89800,QUALIFIED,,learn javascript from scratch
Practical Web Dev,https://www.youtube.com/@practicalwebdev,1460,REJECTED,"1,460 subscribers is outside 5,000–100,000",learn javascript from scratch
Nitish NovaX,https://www.youtube.com/@nknovax,12,REJECTED,"12 subscribers is outside 5,000–100,000",learn javascript from scratch
Tech With Sakshi,https://www.youtube.com/@techwithsakshi-i3q,219,REJECTED,"219 subscribers is outside 5,000–100,000",learn javascript from scratch
Code Step By Step,https://www.youtube.com/@codestepbystep,414000,REJECTED,"414,000 subscribers is outside 5,000–100,000",learn javascript from scratch
Tpoint Tech,https://www.youtube.com/@tpointtechofficial,173000,REJECTED,"173,000 subscribers is outside 5,000–100,000",learn javascript from scratch
Code potential ,https://www.youtube.com/@ananyakapil17,9,REJECTED,"9 subscribers is outside 5,000–100,000",learn javascript from scratch
Learn Tech with Ravi,https://www.youtube.com/@learntechwithravig,27300,QUALIFIED,,learn javascript from scratch
Full-Stack-Journey,https://www.youtube.com/@full-stack-journey-m7x,1,REJECTED,"1 subscribers is outside 5,000–100,000",learn javascript from scratch
coding world,https://www.youtube.com/@codingworld_21,109,REJECTED,"109 subscribers is outside 5,000–100,000",learn javascript from scratch
Frontend Mastery,https://www.youtube.com/@frontend-masterys,1030,REJECTED,"1,030 subscribers is outside 5,000–100,000",learn javascript from scratch
AI with Yanal,https://www.youtube.com/@aiwithyanal,4,REJECTED,"4 subscribers is outside 5,000–100,000",learn javascript from scratch
CodewithPrashant ,https://www.youtube.com/@codewith_prashantt,20200,REJECTED,Engagement 1.44% < 2.00% minimum,web development roadmap
Edulexis,https://www.youtube.com/@edulexis,141,REJECTED,"141 subscribers is outside 5,000–100,000",web development roadmap
Nishant Chahar,https://www.youtube.com/@nishantchahar11,589000,REJECTED,"589,000 subscribers is outside 5,000–100,000",web development roadmap
Genie Ashwani,https://www.youtube.com/@genieashwani,159000,REJECTED,"159,000 subscribers is outside 5,000–100,000",web development roadmap
WebWorld,https://www.youtube.com/@webworldcomtr,0,REJECTED,"0 subscribers is outside 5,000–100,000",web development roadmap
PixelPro Academy,https://www.youtube.com/@pixelproacademy-a,16,REJECTED,"16 subscribers is outside 5,000–100,000",web development roadmap
Love Babbar,https://www.youtube.com/@lovebabbar,660000,REJECTED,"660,000 subscribers is outside 5,000–100,000",web development roadmap
Coding Master,https://www.youtube.com/@codingmasteryt,18600,QUALIFIED,,web development roadmap
EmbarkX | Real Engineering | Faisal Memon,https://www.youtube.com/@embarkx,78400,REJECTED,Engagement 1.64% < 2.00% minimum,web development roadmap
DesignWithRehana,https://www.youtube.com/@designwithrehana,30400,QUALIFIED,,web development roadmap
Future Mind,https://www.youtube.com/@future_mind79,20,REJECTED,"20 subscribers is outside 5,000–100,000",web development roadmap
Sky Tech Makers,https://www.youtube.com/@skytechmakers,1780,REJECTED,"1,780 subscribers is outside 5,000–100,000",web development roadmap
Sangam Mukherjee,https://www.youtube.com/@sangammukherjee,99400,QUALIFIED,,web development roadmap
spanscript,https://www.youtube.com/@spanscript,18,REJECTED,"18 subscribers is outside 5,000–100,000",web development roadmap
Tab 47 by upGrad,https://www.youtube.com/@tab47byupgrad,10300,REJECTED,Engagement 1.50% < 2.00% minimum,web development roadmap
Developete,https://www.youtube.com/@developete,183000,REJECTED,"183,000 subscribers is outside 5,000–100,000",web development roadmap
Technical Suneja,https://www.youtube.com/@technicalsuneja,620000,REJECTED,"620,000 subscribers is outside 5,000–100,000",web development roadmap
AI Coding World,https://www.youtube.com/@aicodingworldofficial,7,REJECTED,"7 subscribers is outside 5,000–100,000",web development roadmap
LogicVerse,https://www.youtube.com/@logic_builder_24,156,REJECTED,"156 subscribers is outside 5,000–100,000",web development roadmap
Entri Coding తెలుగు,https://www.youtube.com/@entrielevatecodingtelugu,45400,REJECTED,Engagement 0.49% < 2.00% minimum; Content language: other,web development roadmap
DINESH SIR ENGINEERING,https://www.youtube.com/@dineshsirengineering,43400,REJECTED,Engagement 1.41% < 2.00% minimum,web development roadmap
Quite Commits,https://www.youtube.com/@quitecommits,24,REJECTED,"24 subscribers is outside 5,000–100,000",web development roadmap
Cloud Guru,https://www.youtube.com/@cloudgurus,36000,QUALIFIED,,web development roadmap
Shahid Iqbal,https://www.youtube.com/@itsshahidiqbal,5490,QUALIFIED,,web development roadmap
Motion Academy,https://www.youtube.com/@motionacademy2026,16,REJECTED,"16 subscribers is outside 5,000–100,000",web development roadmap
BTech Wallah,https://www.youtube.com/@btech_bypw,116000,REJECTED,"116,000 subscribers is outside 5,000–100,000",web development roadmap
Intellipaat,https://www.youtube.com/@intellipaat,13400000,REJECTED,"13,400,000 subscribers is outside 5,000–100,000",web development roadmap
Simplilearn,https://www.youtube.com/@simplilearnofficial,6730000,REJECTED,"6,730,000 subscribers is outside 5,000–100,000",web development roadmap
Sekhar Dev Lab,https://www.youtube.com/@sekhardevlab,4,REJECTED,"4 subscribers is outside 5,000–100,000",web development roadmap
Faizan BCA,https://www.youtube.com/@faizanbca,56400,QUALIFIED,,web development roadmap
ezCommit,https://www.youtube.com/@ezcommit,284000,REJECTED,"284,000 subscribers is outside 5,000–100,000",web development roadmap
College Wallah,https://www.youtube.com/@collegewallahbypwskills,1090000,REJECTED,"1,090,000 subscribers is outside 5,000–100,000",web development roadmap
Stefan Mischook,https://www.youtube.com/@stefanmischook,278000,REJECTED,"278,000 subscribers is outside 5,000–100,000",web development roadmap
Vedantu Upskill Academy,https://www.youtube.com/@vedantuupskillacademy,128000,REJECTED,"128,000 subscribers is outside 5,000–100,000",web development roadmap
CHAMP by Arpit,https://www.youtube.com/@champbyarpit,3840,REJECTED,"3,840 subscribers is outside 5,000–100,000",web development roadmap
Parikh Jain,https://www.youtube.com/@parikh-jain,88200,REJECTED,Engagement 1.71% < 2.00% minimum,web development roadmap
Techthrive,https://www.youtube.com/@techthrive-46,589,REJECTED,"589 subscribers is outside 5,000–100,000",web development roadmap
Edure Learning,https://www.youtube.com/@edurelearning,112000,REJECTED,"112,000 subscribers is outside 5,000–100,000",web development roadmap
Rise Institute,https://www.youtube.com/@riseinstitutemumbai,2920,REJECTED,"2,920 subscribers is outside 5,000–100,000",data science project walkthrough
Digital Technology Business School London,https://www.youtube.com/@digiteched1,1090,REJECTED,"1,090 subscribers is outside 5,000–100,000",data science project walkthrough
Akshat,https://www.youtube.com/@akshat4571,3,REJECTED,"3 subscribers is outside 5,000–100,000",data science project walkthrough
Prof.Analysis,https://www.youtube.com/@prof.analysis,5110,REJECTED,Only 0 eligible videos (need 3),data science project walkthrough
Vivek Pol,https://www.youtube.com/@vivek_pol,376,REJECTED,"376 subscribers is outside 5,000–100,000",data science project walkthrough
upGrad X,https://www.youtube.com/@upgrad_x,1930,REJECTED,"1,930 subscribers is outside 5,000–100,000",data science project walkthrough
Durga Software Solutions,https://www.youtube.com/@durgasoftwaresolutions,862000,REJECTED,"862,000 subscribers is outside 5,000–100,000",data science project walkthrough
Future Tech Talks with Dr. Dilli Sharma,https://www.youtube.com/@futuretektalk,338,REJECTED,"338 subscribers is outside 5,000–100,000",data science project walkthrough
Tech guide by CandiMentor ,https://www.youtube.com/@tech-by-candimentor,736,REJECTED,"736 subscribers is outside 5,000–100,000",data science project walkthrough
"Utkarsh Minds-Data Science, analytics, AI",https://www.youtube.com/@utkarshminds,65,REJECTED,"65 subscribers is outside 5,000–100,000",data science project walkthrough
The ThinkLab by Saurabh,https://www.youtube.com/@thethinklabbysaurabh,760,REJECTED,"760 subscribers is outside 5,000–100,000",data science project walkthrough
Skillscone,https://www.youtube.com/@skillscone,120,REJECTED,"120 subscribers is outside 5,000–100,000",data science project walkthrough
TheZenith,https://www.youtube.com/@zenith__770,2,REJECTED,"2 subscribers is outside 5,000–100,000",data science project walkthrough
Query to Career DW,https://www.youtube.com/@querytocareer-dataworld,21,REJECTED,"21 subscribers is outside 5,000–100,000",data science project walkthrough
Rishabh Mishra,https://www.youtube.com/@rishabhmishraofficial,590000,REJECTED,"590,000 subscribers is outside 5,000–100,000",data science project walkthrough
The DataScience Boy,https://www.youtube.com/@thedatascienceboy,1160,REJECTED,"1,160 subscribers is outside 5,000–100,000",data science project walkthrough
Data Victims,https://www.youtube.com/@datavictims1,80,REJECTED,"80 subscribers is outside 5,000–100,000",data science project walkthrough
Shilpa,https://www.youtube.com/@shilpa-m7r8c,8,REJECTED,"8 subscribers is outside 5,000–100,000",data science project walkthrough
Arun Kumar,https://www.youtube.com/@arunkumar-up9lb,1,REJECTED,"1 subscribers is outside 5,000–100,000",data science project walkthrough
Sandip Bhuva,https://www.youtube.com/@sandipbhuva,747,REJECTED,"747 subscribers is outside 5,000–100,000",data science project walkthrough
Ansh Lamba,https://www.youtube.com/@anshlambajsr,155000,REJECTED,"155,000 subscribers is outside 5,000–100,000",data science project walkthrough
AidensGotGuides,https://www.youtube.com/@aidengotguides,2350,REJECTED,"2,350 subscribers is outside 5,000–100,000",data science project walkthrough
Series of Thoughts,https://www.youtube.com/@seriesofthoughts,165000,REJECTED,"165,000 subscribers is outside 5,000–100,000",data science project walkthrough
GeeksforGeeks,https://www.youtube.com/@geeksforgeeksvideos,1240000,REJECTED,"1,240,000 subscribers is outside 5,000–100,000",data science project walkthrough
Josh Dev PH,https://www.youtube.com/@joshdevph,865,REJECTED,"865 subscribers is outside 5,000–100,000",data science project walkthrough
MAAHI MISHRA,https://www.youtube.com/@maahimishra5557,0,REJECTED,"0 subscribers is outside 5,000–100,000",data science project walkthrough
Karina Data Scientist,https://www.youtube.com/@karinadatascientist,21900,QUALIFIED,,data science project walkthrough
DABI Training,https://www.youtube.com/@dabitraining,63,REJECTED,"63 subscribers is outside 5,000–100,000",data science project walkthrough
Data With Ijeoma,https://www.youtube.com/@datawithijeoma,1930,REJECTED,"1,930 subscribers is outside 5,000–100,000",data science project walkthrough
The Coder Abhi,https://www.youtube.com/@thecoderabhi1,886,REJECTED,"886 subscribers is outside 5,000–100,000",data science project walkthrough
Tech Classes,https://www.youtube.com/@techclasses0810,121000,REJECTED,"121,000 subscribers is outside 5,000–100,000",data science project walkthrough
learn by doing it,https://www.youtube.com/@learnbydoingit,59000,REJECTED,Engagement 1.13% < 2.00% minimum,data science project walkthrough
Sheryians AI School,https://www.youtube.com/@sheryiansai,150000,REJECTED,"150,000 subscribers is outside 5,000–100,000",data science project walkthrough
WEB TECH INFO,https://www.youtube.com/@webtechinfo-i3w,1,REJECTED,"1 subscribers is outside 5,000–100,000",machine learning explained simply
Coursesteach,https://www.youtube.com/@coursesteach-mv5si,835,REJECTED,"835 subscribers is outside 5,000–100,000",machine learning explained simply
CynoHub,https://www.youtube.com/@cynohub,113000,REJECTED,"113,000 subscribers is outside 5,000–100,000",machine learning explained simply
Salil Classes AI,https://www.youtube.com/@salilclasses1012,96,REJECTED,"96 subscribers is outside 5,000–100,000",machine learning explained simply
Code with Bismillah,https://www.youtube.com/@codewithbismillah.online,277,REJECTED,"277 subscribers is outside 5,000–100,000",machine learning explained simply
Sky States LLC,https://www.youtube.com/@skystatesofficial,180,REJECTED,"180 subscribers is outside 5,000–100,000",machine learning explained simply
 Mavoryn,https://www.youtube.com/@mavoryn-d2o,300,REJECTED,"300 subscribers is outside 5,000–100,000",machine learning explained simply
Nagarajan Vijay,https://www.youtube.com/@nagarajanvijay143,28,REJECTED,"28 subscribers is outside 5,000–100,000",machine learning explained simply
AI with Senthil Rajamarthandan,https://www.youtube.com/@senthilrajamarthandan,10300,QUALIFIED,,machine learning explained simply
Explaneee,https://www.youtube.com/@arjunkumar-kw4fv,7,REJECTED,"7 subscribers is outside 5,000–100,000",machine learning explained simply
Code With Marwadi ,https://www.youtube.com/@codewithmarwadi10,52,REJECTED,"52 subscribers is outside 5,000–100,000",machine learning explained simply
TamilTech Edu,https://www.youtube.com/@tamiltechedu,232,REJECTED,"232 subscribers is outside 5,000–100,000",machine learning explained simply
AIHorizon Reviews,https://www.youtube.com/@aihorizon-t4u,3,REJECTED,"3 subscribers is outside 5,000–100,000",machine learning explained simply
Sapling University,https://www.youtube.com/@saplinguniversity,13,REJECTED,"13 subscribers is outside 5,000–100,000",machine learning explained simply
AIML with Vivek,https://www.youtube.com/@aiml_with_vivekji,1,REJECTED,"1 subscribers is outside 5,000–100,000",machine learning explained simply
Learnwithme,https://www.youtube.com/@learnwithme_24by7,3,REJECTED,"3 subscribers is outside 5,000–100,000",machine learning explained simply
Cosmo Explains,https://www.youtube.com/@cosmoexplainsyt,31200,REJECTED,Engagement 1.17% < 2.00% minimum; Classified as Other; Relevance 0.20 < 0.60,machine learning explained simply
SmartCS ,https://www.youtube.com/@smartcs-vs,49,REJECTED,"49 subscribers is outside 5,000–100,000",machine learning explained simply
Code With Aarohi,https://www.youtube.com/@codewithaarohi,70300,QUALIFIED,,machine learning explained simply
    Future Fusion AI,https://www.youtube.com/@future_fusion,3400,REJECTED,"3,400 subscribers is outside 5,000–100,000",machine learning explained simply
Keep Learning,https://www.youtube.com/@justkeeplearningforever,11,REJECTED,"11 subscribers is outside 5,000–100,000",machine learning explained simply
Carporated,https://www.youtube.com/@carporated,5,REJECTED,"5 subscribers is outside 5,000–100,000",machine learning explained simply
Coding Time,https://www.youtube.com/@codingtimez,1150,REJECTED,"1,150 subscribers is outside 5,000–100,000",machine learning explained simply
AI Learning,https://www.youtube.com/@ailearning-j4j,2,REJECTED,"2 subscribers is outside 5,000–100,000",machine learning explained simply
Similar Not same,https://www.youtube.com/@similarnotsame,28,REJECTED,"28 subscribers is outside 5,000–100,000",machine learning explained simply
Ghanathey Neelesh,https://www.youtube.com/@ghanatheyneelesh,316,REJECTED,"316 subscribers is outside 5,000–100,000",machine learning explained simply
10 Minute Diploma,https://www.youtube.com/@10minutediploma.official,324,REJECTED,"324 subscribers is outside 5,000–100,000",machine learning explained simply
Codewithrajesh,https://www.youtube.com/@officialcwr,51,REJECTED,"51 subscribers is outside 5,000–100,000",machine learning explained simply
Note World,https://www.youtube.com/@noteworld7345,94,REJECTED,"94 subscribers is outside 5,000–100,000",machine learning explained simply
AI Simply Put,https://www.youtube.com/@aisimplyputofficial,11,REJECTED,"11 subscribers is outside 5,000–100,000",machine learning explained simply
Webexa Academy,https://www.youtube.com/@webexaacademy,4,REJECTED,"4 subscribers is outside 5,000–100,000",machine learning explained simply
Japji Infotech,https://www.youtube.com/@japjiinfotech,48400,REJECTED,Only 0 eligible videos (need 3),machine learning explained simply
CodeBites,https://www.youtube.com/@trendingtechcodebites,181,REJECTED,"181 subscribers is outside 5,000–100,000",machine learning explained simply
The Output Club,https://www.youtube.com/@theoutputclub,35,REJECTED,"35 subscribers is outside 5,000–100,000",machine learning explained simply
GREENVALUE DIGITALs,https://www.youtube.com/@greenvalue_g,27,REJECTED,"27 subscribers is outside 5,000–100,000",machine learning explained simply
AI Decode,https://www.youtube.com/@realaidecode,3,REJECTED,"3 subscribers is outside 5,000–100,000",machine learning explained simply
AI in Small Bytes,https://www.youtube.com/@unmeshnadkarni,92,REJECTED,"92 subscribers is outside 5,000–100,000",machine learning explained simply
Learn Some Tech,https://www.youtube.com/@learnsometechyt,9,REJECTED,"9 subscribers is outside 5,000–100,000",machine learning explained simply
AI with Subba,https://www.youtube.com/@aiwithsubba,13,REJECTED,"13 subscribers is outside 5,000–100,000",machine learning explained simply
NeuralByte,https://www.youtube.com/@neuralbyte-h6q,3,REJECTED,"3 subscribers is outside 5,000–100,000",machine learning explained simply
Tech Rikky,https://www.youtube.com/@techrikky,6,REJECTED,"6 subscribers is outside 5,000–100,000",machine learning explained simply
Prithiv Raaj,https://www.youtube.com/@prithiv_raaj,35,REJECTED,"35 subscribers is outside 5,000–100,000",machine learning explained simply
Kamran Ai,https://www.youtube.com/@ai.kamrann,1700,REJECTED,"1,700 subscribers is outside 5,000–100,000",machine learning explained simply
AI Wala Bhai,https://www.youtube.com/@aiwalabhai-e8q,100,REJECTED,"100 subscribers is outside 5,000–100,000",AI tools for students
Study Hacks,https://www.youtube.com/@itzstudyhub,6430,REJECTED,Relevance 0.50 < 0.60,AI tools for students
Future Shivam ,https://www.youtube.com/@futureshivam,1390,REJECTED,"1,390 subscribers is outside 5,000–100,000",AI tools for students
What Is AI,https://www.youtube.com/@whatisaiii,14,REJECTED,"14 subscribers is outside 5,000–100,000",AI tools for students
PW OnlyIAS Prarambh,https://www.youtube.com/@onlyiasprarambh,817000,REJECTED,"817,000 subscribers is outside 5,000–100,000",AI tools for students
careerwithamit,https://www.youtube.com/@amit.youthmentor,52,REJECTED,"52 subscribers is outside 5,000–100,000",AI tools for students
Heema Jain,https://www.youtube.com/@heemajain,45400,QUALIFIED,,AI tools for students
Study Tools,https://www.youtube.com/@studytoolsofficial,110000,REJECTED,"110,000 subscribers is outside 5,000–100,000",AI tools for students
Meeting With Aman,https://www.youtube.com/@meetingwithaman,4,REJECTED,"4 subscribers is outside 5,000–100,000",AI tools for students
The Geek Monk,https://www.youtube.com/@thegeekmonk1707,100000,QUALIFIED,,AI tools for students
The Wonder Files,https://www.youtube.com/@thewonderfilesai,3,REJECTED,"3 subscribers is outside 5,000–100,000",AI tools for students
SUCCESS FAST MODE,https://www.youtube.com/@successfastmode,79900,QUALIFIED,,AI tools for students
HR_Navin,https://www.youtube.com/@hr_navin,201000,REJECTED,"201,000 subscribers is outside 5,000–100,000",AI tools for students
The Tech Girl,https://www.youtube.com/@anjanagowtham,133000,REJECTED,"133,000 subscribers is outside 5,000–100,000",AI tools for students
Top Content,https://www.youtube.com/@top_content-25,18,REJECTED,"18 subscribers is outside 5,000–100,000",AI tools for students
Ishan Sharma,https://www.youtube.com/@ishansharma7390,2180000,REJECTED,"2,180,000 subscribers is outside 5,000–100,000",AI tools for students
sushma,https://www.youtube.com/@get2xknowledge,6,REJECTED,"6 subscribers is outside 5,000–100,000",AI tools for students
codexa-,https://www.youtube.com/@codexa-099,35,REJECTED,"35 subscribers is outside 5,000–100,000",AI tools for students
Jhoom Baba,https://www.youtube.com/@jhoombaba22,233000,REJECTED,"233,000 subscribers is outside 5,000–100,000",AI tools for students
Augmenting YT,https://www.youtube.com/@augmenting13,0,REJECTED,"0 subscribers is outside 5,000–100,000",AI tools for students
FutureByte,https://www.youtube.com/@futurebyte0001,13,REJECTED,"13 subscribers is outside 5,000–100,000",AI tools for students
TECH & STUDY WITH KÏTTY,https://www.youtube.com/@techandstudywithkitty,3710,REJECTED,"3,710 subscribers is outside 5,000–100,000",AI tools for students
Harsha TechHub,https://www.youtube.com/@harshatechhub,19,REJECTED,"19 subscribers is outside 5,000–100,000",AI tools for students
𝐊𝐑𝐈𝐒𝐇𝐍𝐀 𝐒𝐓𝐔𝐃𝐘 𝐖𝐀𝐋𝐋𝐀𝐇,https://www.youtube.com/@krishnastudywallah,26500,REJECTED,Only 0 eligible videos (need 3),AI tools for students
AI Simplified,https://www.youtube.com/@ai_explained_dailyy,494,REJECTED,"494 subscribers is outside 5,000–100,000",AI tools for students
Last moment tuitions,https://www.youtube.com/@lastmomenttuitions,1310000,REJECTED,"1,310,000 subscribers is outside 5,000–100,000",AI tools for students
Kushal Arora,https://www.youtube.com/@kushalaroramarketer,36400,REJECTED,Engagement 1.54% < 2.00% minimum,AI tools for students
AI MAX,https://www.youtube.com/@aimax-qe5si,2,REJECTED,"2 subscribers is outside 5,000–100,000",AI tools for students
AI with Nicole,https://www.youtube.com/@aiwithnicole,47800,QUALIFIED,,AI tools for students
Techno Teen 2.0,https://www.youtube.com/@technoteen2.093,256000,REJECTED,"256,000 subscribers is outside 5,000–100,000",AI tools for students
Booksaga ai,https://www.youtube.com/@booksaga.ai2026,9,REJECTED,"9 subscribers is outside 5,000–100,000",AI tools for students
Science and Fun Motivation,https://www.youtube.com/@scienceandfunmotivation,689000,REJECTED,"689,000 subscribers is outside 5,000–100,000",AI tools for students
BIT WISE REVIEWS,https://www.youtube.com/@ibitwisereviews,4,REJECTED,"4 subscribers is outside 5,000–100,000",AI tools for students
Ansh Soni,https://www.youtube.com/@morethanansh,464,REJECTED,"464 subscribers is outside 5,000–100,000",AI tools for students
electrical sathi ,https://www.youtube.com/@ronipaik-v6p,3630,REJECTED,"3,630 subscribers is outside 5,000–100,000",AI tools for students
Padhle,https://www.youtube.com/@padhleakshay,1250000,REJECTED,"1,250,000 subscribers is outside 5,000–100,000",AI tools for students
Aaqib Qayoom,https://www.youtube.com/@aaqib.qayoom,24300,QUALIFIED,,AI tools for students
Parker Prompts,https://www.youtube.com/@parkerprompts,132000,REJECTED,"132,000 subscribers is outside 5,000–100,000",AI tools for students
AI Made Simple,https://www.youtube.com/@rangaaitips,12,REJECTED,"12 subscribers is outside 5,000–100,000",AI tools for students
Kridh,https://www.youtube.com/@mrkkridh,3,REJECTED,"3 subscribers is outside 5,000–100,000",AI tools for students
Cardea Kannur,https://www.youtube.com/@cardeakannur,460,REJECTED,"460 subscribers is outside 5,000–100,000",coding interview preparation
bigboxSWE,https://www.youtube.com/@bigboxswe,274000,REJECTED,"274,000 subscribers is outside 5,000–100,000",coding interview preparation
Shivam Sharma,https://www.youtube.com/@shivam21009,5480,REJECTED,Engagement 1.59% < 2.00% minimum,coding interview preparation
Surya Johnson - Your Medical Coding Guide ,https://www.youtube.com/@suryajohnson,24300,REJECTED,Relevance 0.30 < 0.60,coding interview preparation
Shafaque Akram Ansari,https://www.youtube.com/@shafaqueakramansari,2360,REJECTED,"2,360 subscribers is outside 5,000–100,000",coding interview preparation
SyntaxBite,https://www.youtube.com/@syantaxviral,51,REJECTED,"51 subscribers is outside 5,000–100,000",coding interview preparation
CodeWithVamshi,https://www.youtube.com/@devwithvamshi,33,REJECTED,"33 subscribers is outside 5,000–100,000",coding interview preparation
Gate Smashers,https://www.youtube.com/@gatesmashers,2860000,REJECTED,"2,860,000 subscribers is outside 5,000–100,000",coding interview preparation
RD Automation Learning,https://www.youtube.com/@rdautomationlearning609,208000,REJECTED,"208,000 subscribers is outside 5,000–100,000",coding interview preparation
Job Seekers Hub,https://www.youtube.com/@job_seekers_hub,586,REJECTED,"586 subscribers is outside 5,000–100,000",coding interview preparation
Anubhav Sethi,https://www.youtube.com/@anubhavintech,26500,REJECTED,Engagement 1.90% < 2.00% minimum,coding interview preparation
GenZ Career,https://www.youtube.com/@genz-career,45400,REJECTED,Engagement 0.60% < 2.00% minimum,coding interview preparation
The Pharma Daily,https://www.youtube.com/@thepharmadaily8967,21000,REJECTED,Engagement 1.41% < 2.00% minimum; Relevance 0.30 < 0.60,coding interview preparation
Learn with Dhanya,https://www.youtube.com/@learnwithdhanya808,23500,REJECTED,Relevance 0.20 < 0.60,coding interview preparation
JPSLEARNINGHUB,https://www.youtube.com/@jpslearninghub,129,REJECTED,"129 subscribers is outside 5,000–100,000",coding interview preparation
Jasmeen Kaur,https://www.youtube.com/@jasmeenkaur013,9030,REJECTED,Likes hidden on 8/8 sampled videos,coding interview preparation
JAVA INTERVIEW BUDDY,https://www.youtube.com/@javainterviewbuddy567,19100,REJECTED,Engagement 1.52% < 2.00% minimum,coding interview preparation
Brajesh Kumar,https://www.youtube.com/@codewithbrajesh,99,REJECTED,"99 subscribers is outside 5,000–100,000",coding interview preparation
quizzprep,https://www.youtube.com/@certificationexamprep,216,REJECTED,"216 subscribers is outside 5,000–100,000",coding interview preparation
CodingHacks,https://www.youtube.com/@codinghacks-i6g,41,REJECTED,"41 subscribers is outside 5,000–100,000",coding interview preparation
CodeSnippet,https://www.youtube.com/@codesnippetbychetanghate,63600,REJECTED,Engagement 1.01% < 2.00% minimum,coding interview preparation
Java,https://www.youtube.com/@java,275000,REJECTED,"275,000 subscribers is outside 5,000–100,000",coding interview preparation
DamalConsult Career Academy,https://www.youtube.com/@damalconsultcareeracademy,6300,REJECTED,Engagement 0.38% < 2.00% minimum; Classified as Business; Relevance 0.20 < 0.60,coding interview preparation
Code Decode,https://www.youtube.com/@codedecode,167000,REJECTED,"167,000 subscribers is outside 5,000–100,000",coding interview preparation
Siddharth Singh,https://www.youtube.com/@itssiddharthsingh,214000,REJECTED,"214,000 subscribers is outside 5,000–100,000",coding interview preparation
CloudTech,https://www.youtube.com/@cloudtech5260,39400,QUALIFIED,,coding interview preparation
Aaron Leslie,https://www.youtube.com/@codecrackorg,349,REJECTED,"349 subscribers is outside 5,000–100,000",coding interview preparation
Job Updates Bro,https://www.youtube.com/@jobupdatesbro,2060,REJECTED,"2,060 subscribers is outside 5,000–100,000",coding interview preparation
Prime Coding,https://www.youtube.com/@primecoding19,62900,REJECTED,Engagement 0.85% < 2.00% minimum,coding interview preparation
Be a Programmer,https://www.youtube.com/@beaprogrammer,262000,REJECTED,"262,000 subscribers is outside 5,000–100,000",coding interview preparation
Campus Crack Prep,https://www.youtube.com/@yugandharp-f7i,48,REJECTED,"48 subscribers is outside 5,000–100,000",coding interview preparation
Mohit Decodes,https://www.youtube.com/@mohitdecodes,26300,QUALIFIED,,coding interview preparation
Vivek Gupta,https://www.youtube.com/@vivekgupta3484,107000,REJECTED,"107,000 subscribers is outside 5,000–100,000",coding interview preparation
Code and Crunch,https://www.youtube.com/@codeandcrunch,117,REJECTED,"117 subscribers is outside 5,000–100,000",coding interview preparation
DsaDumpyard,https://www.youtube.com/@dsadumpyard,23,REJECTED,"23 subscribers is outside 5,000–100,000",coding interview preparation
CodeWithPanther,https://www.youtube.com/@codewithpanther,217,REJECTED,"217 subscribers is outside 5,000–100,000",coding interview preparation
Interview Happy,https://www.youtube.com/@interviewhappy,200000,REJECTED,"200,000 subscribers is outside 5,000–100,000",coding interview preparation
Thoughtflows Medical Coding Academy,https://www.youtube.com/@thoughtflowsmedicalcodinga6330,59500,REJECTED,Engagement 0.89% < 2.00% minimum; Relevance 0.50 < 0.60,coding interview preparation
Sunitha Techie,https://www.youtube.com/@sunithatechie,583,REJECTED,"583 subscribers is outside 5,000–100,000",coding interview preparation
Aditi Singh,https://www.youtube.com/@dsa_pagalu,5770,REJECTED,Engagement 1.54% < 2.00% minimum,coding interview preparation
The Curious Coder,https://www.youtube.com/@thecuriouscoder-t5b5e,23700,REJECTED,Engagement 1.60% < 2.00% minimum,coding interview preparation
StudyWithPradipta,https://www.youtube.com/@studywithpradipta950,8780,REJECTED,Engagement 0.83% < 2.00% minimum,DSA in java
The Coding Notebook,https://www.youtube.com/@thecodingnotebook-k7b,16,REJECTED,"16 subscribers is outside 5,000–100,000",DSA in java
Code From Zero,https://www.youtube.com/@codefromzero2125,18,REJECTED,"18 subscribers is outside 5,000–100,000",DSA in java
NanotiCodes,https://www.youtube.com/@nanoticodes,4,REJECTED,"4 subscribers is outside 5,000–100,000",DSA in java
Java SDE World,https://www.youtube.com/@javasdeworld,7,REJECTED,"7 subscribers is outside 5,000–100,000",DSA in java
CodeUp,https://www.youtube.com/@its_code_up,13,REJECTED,"13 subscribers is outside 5,000–100,000",DSA in java
Harshit Trehan,https://www.youtube.com/@harshitt_trehan18,144000,REJECTED,"144,000 subscribers is outside 5,000–100,000",DSA in java
P95 SERIES,https://www.youtube.com/@p95_series,5,REJECTED,"5 subscribers is outside 5,000–100,000",DSA in java
Code with Anish,https://www.youtube.com/@anishsharma-g9e,64,REJECTED,"64 subscribers is outside 5,000–100,000",DSA in java
Abhishek CodeLab,https://www.youtube.com/@abhishekcodelabyt,145,REJECTED,"145 subscribers is outside 5,000–100,000",DSA in java
Rayhan DevLab,https://www.youtube.com/@rayhandevlab,253,REJECTED,"253 subscribers is outside 5,000–100,000",DSA in java
MY SWAYAM,https://www.youtube.com/@myswayam,37600,REJECTED,Only 0 eligible videos (need 3),DSA in java
Brain Key Channel,https://www.youtube.com/@brainkey-24,21,REJECTED,"21 subscribers is outside 5,000–100,000",DSA in java
CS Visualized,https://www.youtube.com/@csvisualizedhq,14,REJECTED,"14 subscribers is outside 5,000–100,000",DSA in java
CoreSkills Academy,https://www.youtube.com/@coreskillsacademy,32,REJECTED,"32 subscribers is outside 5,000–100,000",DSA in java
SquareBrackets,https://www.youtube.com/@squarebracketstech,5990,QUALIFIED,,DSA in java
Tarun Verse,https://www.youtube.com/@tarunverse08,84,REJECTED,"84 subscribers is outside 5,000–100,000",DSA in java
Codex Abhi,https://www.youtube.com/@codexabhiofficial,2,REJECTED,"2 subscribers is outside 5,000–100,000",DSA in java
Coding Machans,https://www.youtube.com/@codingmachans,21,REJECTED,"21 subscribers is outside 5,000–100,000",DSA in java
OneCodeDaily,https://www.youtube.com/@onecodedaily,6,REJECTED,"6 subscribers is outside 5,000–100,000",DSA in java
Cakot Coding,https://www.youtube.com/@komalvhanmane2198,2030,REJECTED,"2,030 subscribers is outside 5,000–100,000",DSA in java
JayNova,https://www.youtube.com/@jayeshpatil-o9s,3,REJECTED,"3 subscribers is outside 5,000–100,000",DSA in java
JavaVault,https://www.youtube.com/@java_vault,837,REJECTED,"837 subscribers is outside 5,000–100,000",DSA in java
Prinkle Maheshwari ,https://www.youtube.com/@prinkle_maheshwari,14,REJECTED,"14 subscribers is outside 5,000–100,000",DSA in java
Shivansh Pareek | Tech Educator,https://www.youtube.com/@dev.shivanshpareek,333,REJECTED,"333 subscribers is outside 5,000–100,000",DSA in java
Ashok IT,https://www.youtube.com/@ashokit,135000,REJECTED,"135,000 subscribers is outside 5,000–100,000",DSA in java
Jenny's Lectures CS IT,https://www.youtube.com/@jennyslecturescsit,2120000,REJECTED,"2,120,000 subscribers is outside 5,000–100,000",DSA in java
ExcelR Solutions,https://www.youtube.com/@excelrsolutions1515,21100,REJECTED,Engagement 1.31% < 2.00% minimum,DSA in java
DSA Visualised🚀,https://www.youtube.com/@dsavisualized,68,REJECTED,"68 subscribers is outside 5,000–100,000",DSA in java
The Modern SDE,https://www.youtube.com/@themodernsde,69,REJECTED,"69 subscribers is outside 5,000–100,000",DSA in java
More To Code,https://www.youtube.com/@moretocode,23,REJECTED,"23 subscribers is outside 5,000–100,000",DSA in java
BiharGeeks,https://www.youtube.com/@bihargeeks,1140,REJECTED,"1,140 subscribers is outside 5,000–100,000",DSA in java
RisingBrain,https://www.youtube.com/@rbanjalikumari,42800,REJECTED,Engagement 1.94% < 2.00% minimum,DSA in java
The Quiet Prof,https://www.youtube.com/@thequietprof,10,REJECTED,"10 subscribers is outside 5,000–100,000",leetcode problem explained
codera-io,https://www.youtube.com/@codera_io,1,REJECTED,"1 subscribers is outside 5,000–100,000",leetcode problem explained
TechVerse Academic,https://www.youtube.com/@techverse26,8,REJECTED,"8 subscribers is outside 5,000–100,000",leetcode problem explained
Brute To Best,https://www.youtube.com/@b2b_dsa,60,REJECTED,"60 subscribers is outside 5,000–100,000",leetcode problem explained
Code Is Live,https://www.youtube.com/@code.islive,3,REJECTED,"3 subscribers is outside 5,000–100,000",leetcode problem explained
AlgoDiary,https://www.youtube.com/@algodiarybygopal,236,REJECTED,"236 subscribers is outside 5,000–100,000",leetcode problem explained
Pedro Pini,https://www.youtube.com/@pinipedro,4,REJECTED,"4 subscribers is outside 5,000–100,000",leetcode problem explained
Leetcode Lab,https://www.youtube.com/@leetcodelab0101,54,REJECTED,"54 subscribers is outside 5,000–100,000",leetcode problem explained
Leetcode Daily,https://www.youtube.com/@leetcodedaily-ama,11600,REJECTED,Engagement 0.70% < 2.00% minimum,leetcode problem explained
Shaan Labs,https://www.youtube.com/@shaan_labs,1210,REJECTED,"1,210 subscribers is outside 5,000–100,000",leetcode problem explained
CODING UTSAVA,https://www.youtube.com/@coding_utsava36,174,REJECTED,"174 subscribers is outside 5,000–100,000",leetcode problem explained
LindorCodes,https://www.youtube.com/@lindorcodes,244,REJECTED,"244 subscribers is outside 5,000–100,000",leetcode problem explained
mosmopen,https://www.youtube.com/@mosmopen,184,REJECTED,"184 subscribers is outside 5,000–100,000",leetcode problem explained
codestorywithMIK,https://www.youtube.com/@codestorywithmik,160000,REJECTED,"160,000 subscribers is outside 5,000–100,000",leetcode problem explained
Explainedbychhavi,https://www.youtube.com/@explainedbychhavi,412,REJECTED,"412 subscribers is outside 5,000–100,000",leetcode problem explained
Technosage,https://www.youtube.com/@technosagelearning,21600,REJECTED,Engagement 1.95% < 2.00% minimum,leetcode problem explained
Developer Coder,https://www.youtube.com/@developercoder,2120,REJECTED,"2,120 subscribers is outside 5,000–100,000",leetcode problem explained
sixforeight,https://www.youtube.com/@sixforeights,552,REJECTED,"552 subscribers is outside 5,000–100,000",leetcode problem explained
Code is Art,https://www.youtube.com/@codeisartyt,1980,REJECTED,"1,980 subscribers is outside 5,000–100,000",leetcode problem explained
DSA Yard,https://www.youtube.com/@dsayard,7,REJECTED,"7 subscribers is outside 5,000–100,000",leetcode problem explained
Transcendental Space,https://www.youtube.com/@transcendentalspace,440,REJECTED,"440 subscribers is outside 5,000–100,000",leetcode problem explained
Shivam Gupta,https://www.youtube.com/@shivamgupta27988,1790,REJECTED,"1,790 subscribers is outside 5,000–100,000",leetcode problem explained
Coding Sphere,https://www.youtube.com/@codingsphere,6720,REJECTED,Engagement 1.91% < 2.00% minimum; Content language: hi,leetcode problem explained
Nikhil Lohia,https://www.youtube.com/@nikoo28,107000,REJECTED,"107,000 subscribers is outside 5,000–100,000",leetcode problem explained
CodeBit360,https://www.youtube.com/@codebit360,304,REJECTED,"304 subscribers is outside 5,000–100,000",system design basics
InterviewWithBunny,https://www.youtube.com/@interviewwithbunny,20300,QUALIFIED,,system design basics
Errors overflow,https://www.youtube.com/@errorsoverflow,2670,REJECTED,"2,670 subscribers is outside 5,000–100,000",system design basics
Harshita Verma,https://www.youtube.com/@harshitaverma-yt,57100,QUALIFIED,,system design basics
Tech Fusionist (T3P),https://www.youtube.com/@t3ptech,19600,REJECTED,Engagement 1.69% < 2.00% minimum,system design basics
VibeEngines,https://www.youtube.com/@vibeengines,50,REJECTED,"50 subscribers is outside 5,000–100,000",system design basics
Nancy Solanki,https://www.youtube.com/@thecatalystgirl,70700,QUALIFIED,,system design basics
Sukhad Anand,https://www.youtube.com/@techie007,72000,QUALIFIED,,system design basics
Hayk Simonyan,https://www.youtube.com/@hayk.simonyan,150000,REJECTED,"150,000 subscribers is outside 5,000–100,000",system design basics
Phi SimpleTalk,https://www.youtube.com/@phisimpletalk,141,REJECTED,"141 subscribers is outside 5,000–100,000",system design basics
Lernoora,https://www.youtube.com/@mylernoora,995,REJECTED,"995 subscribers is outside 5,000–100,000",system design basics
Arjay McCandless,https://www.youtube.com/@arjay_the_dev,108000,REJECTED,"108,000 subscribers is outside 5,000–100,000",system design basics
SYS TITANS,https://www.youtube.com/@pradeepkumariiitd,10600,QUALIFIED,,system design basics
AlgoJS,https://www.youtube.com/@algojs,50200,REJECTED,Engagement 1.17% < 2.00% minimum,system design basics
JavaScript Mastery,https://www.youtube.com/@javascriptmastery,1270000,REJECTED,"1,270,000 subscribers is outside 5,000–100,000",system design basics
Coding Fever • 1M,https://www.youtube.com/@realcodingfever,993,REJECTED,"993 subscribers is outside 5,000–100,000",system design basics
Mohit Chhabra,https://www.youtube.com/@mohitchhabratech,7460,REJECTED,Engagement 1.96% < 2.00% minimum,system design basics
Gaurav TechLab,https://www.youtube.com/@gaurav.techlab,32,REJECTED,"32 subscribers is outside 5,000–100,000",system design basics
CodeCrack,https://www.youtube.com/@codecrackai,173,REJECTED,"173 subscribers is outside 5,000–100,000",system design basics
KodeKloud,https://www.youtube.com/@kodekloud,455000,REJECTED,"455,000 subscribers is outside 5,000–100,000",system design basics
Vishakha Sadhwani,https://www.youtube.com/@vishakha.sadhwani,69700,QUALIFIED,,system design basics
designKarle - System Design By Shivam Tiwari,https://www.youtube.com/@designkarle,10200,REJECTED,Likes hidden on 10/10 sampled videos,system design basics
Think in Models,https://www.youtube.com/@thinkinmodels,25000,REJECTED,Engagement 1.81% < 2.00% minimum,system design basics
CodeAnimated,https://www.youtube.com/@codeanimateddev,26,REJECTED,"26 subscribers is outside 5,000–100,000",system design basics
learnwithprincejodhani,https://www.youtube.com/@learnwithprincejodhani,7,REJECTED,"7 subscribers is outside 5,000–100,000",system design basics
System Design Made Easy,https://www.youtube.com/@systemdesignmadeeasyyt,1,REJECTED,"1 subscribers is outside 5,000–100,000",system design basics
Tech With Swathi,https://www.youtube.com/@techwithswathii,191,REJECTED,"191 subscribers is outside 5,000–100,000",system design basics
The Cutting Edge School,https://www.youtube.com/@cuttingedgeschool,731000,REJECTED,"731,000 subscribers is outside 5,000–100,000",system design basics
Techie Shivansh,https://www.youtube.com/@techieshivansh54,15,REJECTED,"15 subscribers is outside 5,000–100,000",system design basics
Shruti Shreya,https://www.youtube.com/@cs-shorts-ss27,31,REJECTED,"31 subscribers is outside 5,000–100,000",system design basics
Webistics,https://www.youtube.com/@default-b2v,123,REJECTED,"123 subscribers is outside 5,000–100,000",system design basics
LLMwork,https://www.youtube.com/@llmwork,1120,REJECTED,"1,120 subscribers is outside 5,000–100,000",system design basics
Sanket Singh,https://www.youtube.com/@sanketsingh1,127000,REJECTED,"127,000 subscribers is outside 5,000–100,000",system design basics
Kisalay Makes,https://www.youtube.com/@kisalaymakes,37,REJECTED,"37 subscribers is outside 5,000–100,000",system design basics
Aishwarya Srinivasan,https://www.youtube.com/@aishwaryasrinivasan,185000,REJECTED,"185,000 subscribers is outside 5,000–100,000",system design basics
Backend With Sushil,https://www.youtube.com/@backendwithsushil,1660,REJECTED,"1,660 subscribers is outside 5,000–100,000",system design basics
The Systems Path,https://www.youtube.com/@thesystemspath,15,REJECTED,"15 subscribers is outside 5,000–100,000",system design basics
Uma Abu,https://www.youtube.com/@umacodes,31600,REJECTED,Relevance 0.50 < 0.60,system design basics
Crack Trifac,https://www.youtube.com/@cracktrifac,258,REJECTED,"258 subscribers is outside 5,000–100,000",react js project tutorial
Byte Geek,https://www.youtube.com/@bytegeek37,22200,REJECTED,Engagement 1.57% < 2.00% minimum; Relevance 0.40 < 0.60,react js project tutorial
OualiCode,https://www.youtube.com/@oualicode,4120,REJECTED,"4,120 subscribers is outside 5,000–100,000",react js project tutorial
Raj Technologies,https://www.youtube.com/@raj_technologies,50500,REJECTED,Engagement 0.81% < 2.00% minimum,react js project tutorial
The Abhishek Codes,https://www.youtube.com/@theabhishekcodes,695,REJECTED,"695 subscribers is outside 5,000–100,000",react js project tutorial
Coding2GO,https://www.youtube.com/@coding2go,259000,REJECTED,"259,000 subscribers is outside 5,000–100,000",react js project tutorial
code_craft,https://www.youtube.com/@codecraft20,312,REJECTED,"312 subscribers is outside 5,000–100,000",react js project tutorial
WebX Learner,https://www.youtube.com/@webxlearner,3700,REJECTED,"3,700 subscribers is outside 5,000–100,000",react js project tutorial
Ash's Tutorials,https://www.youtube.com/@ashstutorials,1600,REJECTED,"1,600 subscribers is outside 5,000–100,000",react js project tutorial
Codextron,https://www.youtube.com/@codextron,378,REJECTED,"378 subscribers is outside 5,000–100,000",react js project tutorial
Frontend Lab,https://www.youtube.com/@teamfrontendlab,1840,REJECTED,"1,840 subscribers is outside 5,000–100,000",react js project tutorial
LEARNING PARTNER,https://www.youtube.com/@learningpartnerdigital,48900,REJECTED,Engagement 1.29% < 2.00% minimum,react js project tutorial
The Prime Step Info,https://www.youtube.com/@theprimestepinfo,2420,REJECTED,"2,420 subscribers is outside 5,000–100,000",react js project tutorial
coders Academy,https://www.youtube.com/@codersacademyofficial,64,REJECTED,"64 subscribers is outside 5,000–100,000",react js project tutorial
RoadsideCoder,https://www.youtube.com/@roadsidecoder,177000,REJECTED,"177,000 subscribers is outside 5,000–100,000",react js project tutorial
Frontend to AI,https://www.youtube.com/@frontendtoai,1510,REJECTED,"1,510 subscribers is outside 5,000–100,000",react js project tutorial
Codynn,https://www.youtube.com/@codynn,38000,REJECTED,Engagement 1.66% < 2.00% minimum,react js project tutorial
The Royal Coding — Learn to Code Like a Pro,https://www.youtube.com/@theroyalcoding,741,REJECTED,"741 subscribers is outside 5,000–100,000",react js project tutorial
Five Billion Code,https://www.youtube.com/@fivebillioncode,29,REJECTED,"29 subscribers is outside 5,000–100,000",react js project tutorial
Red Star Technologies,https://www.youtube.com/@redstartechnologies,99,REJECTED,"99 subscribers is outside 5,000–100,000",react js project tutorial
The Dev Edge,https://www.youtube.com/@devedge-o6h,1700,REJECTED,"1,700 subscribers is outside 5,000–100,000",react js project tutorial
College Coders,https://www.youtube.com/@collegecoders1,19000,REJECTED,Content language: other,react js project tutorial
Abubakar Afzal,https://www.youtube.com/@abubakarafzal0101,105,REJECTED,"105 subscribers is outside 5,000–100,000",react js project tutorial
Coding Stella,https://www.youtube.com/@codingstellayt,59500,REJECTED,Engagement 1.77% < 2.00% minimum,react js project tutorial
Creatik Ai,https://www.youtube.com/@creatikai0,1,REJECTED,"1 subscribers is outside 5,000–100,000",react js project tutorial
Akash Coding Hub,https://www.youtube.com/@akashcodinghub,53,REJECTED,"53 subscribers is outside 5,000–100,000",react js project tutorial
GreatStack,https://www.youtube.com/@greatstackdev,1230000,REJECTED,"1,230,000 subscribers is outside 5,000–100,000",react js project tutorial
ProgZahidul,https://www.youtube.com/@progzahidul,402,REJECTED,"402 subscribers is outside 5,000–100,000",react js project tutorial
NonnyPlus ,https://www.youtube.com/@nonnyplus,200,REJECTED,"200 subscribers is outside 5,000–100,000",react js project tutorial
Binary Brain ,https://www.youtube.com/@binarybrain0100,934,REJECTED,"934 subscribers is outside 5,000–100,000",react js project tutorial
Team Galat Family,https://www.youtube.com/@teamgalatfamily1,25,REJECTED,"25 subscribers is outside 5,000–100,000",react js project tutorial
Coding Pulse 24,https://www.youtube.com/@codingpulse24,792,REJECTED,"792 subscribers is outside 5,000–100,000",react js project tutorial
Code Ki Pathshala,https://www.youtube.com/@codekipathshala73,2150,REJECTED,"2,150 subscribers is outside 5,000–100,000",react js project tutorial
Shera Dev,https://www.youtube.com/@sheradev2949,6,REJECTED,"6 subscribers is outside 5,000–100,000",react js project tutorial
CodeCapsule Tech,https://www.youtube.com/@codecapsuletech,8,REJECTED,"8 subscribers is outside 5,000–100,000",react js project tutorial
Learn Coding,https://www.youtube.com/@learncodingofficial,2400000,REJECTED,"2,400,000 subscribers is outside 5,000–100,000",react js project tutorial
Suresh Coding Hub,https://www.youtube.com/@scodinghub,581,REJECTED,"581 subscribers is outside 5,000–100,000",react js project tutorial
learn2kode,https://www.youtube.com/@learn2kode,124,REJECTED,"124 subscribers is outside 5,000–100,000",react js project tutorial
PyBlueprint,https://www.youtube.com/@pyblueprint,0,REJECTED,"0 subscribers is outside 5,000–100,000",django tutorial
MyAiForThat,https://www.youtube.com/@myaiforthat,3240,REJECTED,"3,240 subscribers is outside 5,000–100,000",django tutorial
Practice Paper ,https://www.youtube.com/@practice_paper1,702,REJECTED,"702 subscribers is outside 5,000–100,000",django tutorial
DevNook,https://www.youtube.com/@dev-nook,46,REJECTED,"46 subscribers is outside 5,000–100,000",django tutorial
CodeMint360,https://www.youtube.com/@codemint360,8,REJECTED,"8 subscribers is outside 5,000–100,000",django tutorial
Peter Kowal,https://www.youtube.com/@peterkowal,1510,REJECTED,"1,510 subscribers is outside 5,000–100,000",django tutorial
App Genesis ,https://www.youtube.com/@appgenesis1,2340,REJECTED,"2,340 subscribers is outside 5,000–100,000",django tutorial
The Coding Engineer ,https://www.youtube.com/@thecodingengineerofficial,847,REJECTED,"847 subscribers is outside 5,000–100,000",django tutorial
Iis Afriyanti,https://www.youtube.com/@iisafriyanti88,0,REJECTED,"0 subscribers is outside 5,000–100,000",django tutorial
Tutorial By Vivek,https://www.youtube.com/@tutorialbyvivek,4190,REJECTED,"4,190 subscribers is outside 5,000–100,000",django tutorial
MohsenCodes,https://www.youtube.com/@mohsencodes,3,REJECTED,"3 subscribers is outside 5,000–100,000",django tutorial
Cognifyz Technologies,https://www.youtube.com/@cognifyztechnologies,2180,REJECTED,"2,180 subscribers is outside 5,000–100,000",django tutorial
DjangoWithMahesh ,https://www.youtube.com/@maheshcodes,206,REJECTED,"206 subscribers is outside 5,000–100,000",django tutorial
TechCareer by Prathyusha,https://www.youtube.com/@techcareerbyprathyusha,2490,REJECTED,"2,490 subscribers is outside 5,000–100,000",django tutorial
ATRONZ INNOVATIONS ,https://www.youtube.com/@atronzinnovations1,3200,REJECTED,"3,200 subscribers is outside 5,000–100,000",django tutorial
Cinéfilm,https://www.youtube.com/@cinefilm,1620000,REJECTED,"1,620,000 subscribers is outside 5,000–100,000",django tutorial
Real Python,https://www.youtube.com/@realpython,208000,REJECTED,"208,000 subscribers is outside 5,000–100,000",django tutorial
Tyler Vrooman,https://www.youtube.com/@tylervrooman,3600,REJECTED,"3,600 subscribers is outside 5,000–100,000",django tutorial
TWiz,https://www.youtube.com/@twiz27,3300,REJECTED,"3,300 subscribers is outside 5,000–100,000",django tutorial
Robin Nolan's Gypsy Jazz Secrets,https://www.youtube.com/@gypsyjazzsecrets,62600,REJECTED,Classified as Entertainment; Relevance 0.00 < 0.60,django tutorial
Production Ready,https://www.youtube.com/@ruproductionready,13,REJECTED,"13 subscribers is outside 5,000–100,000",django tutorial
Jijanur Rahman,https://www.youtube.com/@jijanur-rahman,64,REJECTED,"64 subscribers is outside 5,000–100,000",django tutorial
codecheddamraa,https://www.youtube.com/@codecheddamraa,6,REJECTED,"6 subscribers is outside 5,000–100,000",django tutorial
Tech With Rathan,https://www.youtube.com/@rathankumar,18100,REJECTED,Engagement 1.84% < 2.00% minimum,django tutorial
RoyL,https://www.youtube.com/@royl3098,30,REJECTED,"30 subscribers is outside 5,000–100,000",django tutorial
asstgr,https://www.youtube.com/@asstgrio,0,REJECTED,"0 subscribers is outside 5,000–100,000",django tutorial
Shahzeb Codes,https://www.youtube.com/@shahzebcodes,14,REJECTED,"14 subscribers is outside 5,000–100,000",django tutorial
CodeDynamo,https://www.youtube.com/@codedynamo2456,3440,REJECTED,"3,440 subscribers is outside 5,000–100,000",django tutorial
Yoshito,https://www.youtube.com/@yosshito,23000,REJECTED,Engagement 1.93% < 2.00% minimum; Classified as Gaming; Relevance 0.10 < 0.60,django tutorial
Andreas Jud,https://www.youtube.com/@ajudmeister,9120,REJECTED,Engagement 1.62% < 2.00% minimum,django tutorial
Coding Inspiration,https://www.youtube.com/@codinginspiration,4440,REJECTED,"4,440 subscribers is outside 5,000–100,000",django tutorial
Coding With Sagar,https://www.youtube.com/@codingwithsagarcw,511000,REJECTED,"511,000 subscribers is outside 5,000–100,000",django tutorial
Shubham Ranjan,https://www.youtube.com/@devshubhamranjan,29,REJECTED,"29 subscribers is outside 5,000–100,000",django tutorial
TechBak Systems,https://www.youtube.com/@techbaksystems,7,REJECTED,"7 subscribers is outside 5,000–100,000",django tutorial
Web Tech Knowledge,https://www.youtube.com/@webtechknowledge,54400,REJECTED,Engagement 1.65% < 2.00% minimum,django tutorial
Code Nova,https://www.youtube.com/@code_nova-s1r,159,REJECTED,"159 subscribers is outside 5,000–100,000",django tutorial
Fatma,https://www.youtube.com/@fatmachit,3,REJECTED,"3 subscribers is outside 5,000–100,000",flutter app tutorial
NextGen Developers,https://www.youtube.com/@nextgendevtech,17,REJECTED,"17 subscribers is outside 5,000–100,000",flutter app tutorial
Flutter,https://www.youtube.com/@flutterdev,634000,REJECTED,"634,000 subscribers is outside 5,000–100,000",flutter app tutorial
Satish Bhasker Learns & Shares,https://www.youtube.com/@satishbhaskerofficial,60,REJECTED,"60 subscribers is outside 5,000–100,000",flutter app tutorial
Learn With Igor,https://www.youtube.com/@learnwithigor,46400,REJECTED,Engagement 0.00% < 2.00% minimum,flutter app tutorial
Dear Programmer,https://www.youtube.com/@dearprogrammer,33400,REJECTED,Engagement 1.61% < 2.00% minimum,flutter app tutorial
OsDot Solutions,https://www.youtube.com/@osdots,1,REJECTED,"1 subscribers is outside 5,000–100,000",flutter app tutorial
FLUTTERSPARK --  AIVENTRA,https://www.youtube.com/@rastogiprakhar612,425,REJECTED,"425 subscribers is outside 5,000–100,000",flutter app tutorial
Akash Padhiyar,https://www.youtube.com/@akashpadhiyar,16300,REJECTED,Engagement 1.82% < 2.00% minimum,flutter app tutorial
Shivam Gupta,https://www.youtube.com/@shivamgupta-cq2yk,15700,QUALIFIED,,flutter app tutorial
AI Code Magic,https://www.youtube.com/@aicodemagic,25,REJECTED,"25 subscribers is outside 5,000–100,000",flutter app tutorial
Neat Roots,https://www.youtube.com/@neatroots,331000,REJECTED,"331,000 subscribers is outside 5,000–100,000",flutter app tutorial
IT WALA - Hindi (हिंदी),https://www.youtube.com/@itwala-hindi,731,REJECTED,"731 subscribers is outside 5,000–100,000",flutter app tutorial
USE MT,https://www.youtube.com/@usemt-u7u,3850,REJECTED,"3,850 subscribers is outside 5,000–100,000",flutter app tutorial
MYG CODING,https://www.youtube.com/@mygcodinggrowuptogether,48,REJECTED,"48 subscribers is outside 5,000–100,000",flutter app tutorial
Flutter Nexus ,https://www.youtube.com/@flutter_nexus,40,REJECTED,"40 subscribers is outside 5,000–100,000",flutter app tutorial
Larex Dev Hub,https://www.youtube.com/@larexdevhub,443,REJECTED,"443 subscribers is outside 5,000–100,000",flutter app tutorial
You B Tech,https://www.youtube.com/@you_b_tech,91100,QUALIFIED,,flutter app tutorial
Learn With Motaleb,https://www.youtube.com/@learnwithmotaleb,959,REJECTED,"959 subscribers is outside 5,000–100,000",flutter app tutorial
FuzzuTech,https://www.youtube.com/@fuzzutech,1100,REJECTED,"1,100 subscribers is outside 5,000–100,000",flutter app tutorial
TheGenZDev,https://www.youtube.com/@thegenzdev-0712,125,REJECTED,"125 subscribers is outside 5,000–100,000",flutter app tutorial
CodeCame,https://www.youtube.com/@codecamesoftware,280,REJECTED,"280 subscribers is outside 5,000–100,000",flutter app tutorial
Techora Digital,https://www.youtube.com/@techoradigital,3,REJECTED,"3 subscribers is outside 5,000–100,000",flutter app tutorial
Ayodeji Michael Ogundairo,https://www.youtube.com/@flutterbenders,176,REJECTED,"176 subscribers is outside 5,000–100,000",flutter app tutorial
Amazevalley,https://www.youtube.com/@amazevalley,695,REJECTED,"695 subscribers is outside 5,000–100,000",flutter app tutorial
Manoj Kulkarni,https://www.youtube.com/@manojkulkarni30,1570,REJECTED,"1,570 subscribers is outside 5,000–100,000",flutter app tutorial
United Top Tech,https://www.youtube.com/@unitedtoptech6288,48500,REJECTED,Engagement 0.00% < 2.00% minimum,flutter app tutorial
ThewodmApps,https://www.youtube.com/@thewodmapps,1100,REJECTED,"1,100 subscribers is outside 5,000–100,000",flutter app tutorial
Shah Wali,https://www.youtube.com/@shahwali_k,6810,REJECTED,Engagement 1.83% < 2.00% minimum,flutter app tutorial
appNdev with Aditya,https://www.youtube.com/@aditya.dev26,1,REJECTED,"1 subscribers is outside 5,000–100,000",flutter app tutorial
Next Gen Tech,https://www.youtube.com/@nextgentech-l1w,38,REJECTED,"38 subscribers is outside 5,000–100,000",flutter app tutorial
Kamran Ceation,https://www.youtube.com/@kamrancreation,6300,REJECTED,Engagement 0.88% < 2.00% minimum,flutter app tutorial
IBLOGIC TECH,https://www.youtube.com/@iblogictech,7,REJECTED,"7 subscribers is outside 5,000–100,000",flutter app tutorial
Destiny Ed,https://www.youtube.com/@destiny_ed,2840,REJECTED,"2,840 subscribers is outside 5,000–100,000",flutter app tutorial
John-Paul Takats,https://www.youtube.com/@jptweb,13,REJECTED,"13 subscribers is outside 5,000–100,000",flutter app tutorial
App Campus,https://www.youtube.com/@appcampus26,160,REJECTED,"160 subscribers is outside 5,000–100,000",flutter app tutorial
GrowTK,https://www.youtube.com/@grow_tk,1000,REJECTED,"1,000 subscribers is outside 5,000–100,000",android development tutorial
ALL PC GEEK,https://www.youtube.com/@allpcgeek,11100,QUALIFIED,,android development tutorial
Beyond with Mukesh,https://www.youtube.com/@beyondwithmukesh,24,REJECTED,"24 subscribers is outside 5,000–100,000",android development tutorial
FixSoft,https://www.youtube.com/@fix-soft,7850,REJECTED,Engagement 0.94% < 2.00% minimum,android development tutorial
Java Goat,https://www.youtube.com/@javagoats,19400,QUALIFIED,,android development tutorial
Android Developers,https://www.youtube.com/@androiddevelopers,1430000,REJECTED,"1,430,000 subscribers is outside 5,000–100,000",android development tutorial
MD Robius Sany,https://www.youtube.com/@mdrobiussany,58100,REJECTED,Engagement 1.88% < 2.00% minimum; Content language: other,android development tutorial
Ai Tricker,https://www.youtube.com/@aitricker,38400,QUALIFIED,,android development tutorial
OnTeque,https://www.youtube.com/@onteque,2320,REJECTED,"2,320 subscribers is outside 5,000–100,000",android development tutorial
CS CORNER Sunita Rai,https://www.youtube.com/@cscornersunitarai,77200,REJECTED,Brand-safety flags: unauthorized access to paid services,android development tutorial
Code Cloner,https://www.youtube.com/@codeclonerofficial,49,REJECTED,"49 subscribers is outside 5,000–100,000",android development tutorial
Saddam Kassim,https://www.youtube.com/@saddamkassim,1050000,REJECTED,"1,050,000 subscribers is outside 5,000–100,000",android development tutorial
Kambakhsh University,https://www.youtube.com/@kambakhshuniversity,84,REJECTED,"84 subscribers is outside 5,000–100,000",android development tutorial
CodeCraft,https://www.youtube.com/@codecraft-l3l,415,REJECTED,"415 subscribers is outside 5,000–100,000",android development tutorial
Codesistency,https://www.youtube.com/@codesistency,159000,REJECTED,"159,000 subscribers is outside 5,000–100,000",android development tutorial
Coding Demos,https://www.youtube.com/@codingdemos,10500,REJECTED,Engagement 0.80% < 2.00% minimum,android development tutorial
The Coding Bus,https://www.youtube.com/@thecodingbus,72200,REJECTED,Engagement 1.57% < 2.00% minimum,android development tutorial
Google for Developers,https://www.youtube.com/@googledevelopers,2680000,REJECTED,"2,680,000 subscribers is outside 5,000–100,000",android development tutorial
Tech Code,https://www.youtube.com/@technicalsushil0786,7000,REJECTED,Likes hidden on 6/6 sampled videos,android development tutorial
Nitesh | Android Development,https://www.youtube.com/@android_nitesh,1280,REJECTED,"1,280 subscribers is outside 5,000–100,000",android development tutorial
AskRohit,https://www.youtube.com/@askrohit,46600,REJECTED,Engagement 1.26% < 2.00% minimum; Classified as Business; Relevance 0.50 < 0.60,android development tutorial
Mobile AI Master,https://www.youtube.com/@mobileaimasterofficial,48,REJECTED,"48 subscribers is outside 5,000–100,000",android development tutorial
Belad Tech Weekly,https://www.youtube.com/@beladtech_weekly,81,REJECTED,"81 subscribers is outside 5,000–100,000",android development tutorial
Technic Dude,https://www.youtube.com/@technicdude,14600,QUALIFIED,,android development tutorial
TechTooniya,https://www.youtube.com/@techtooniya,19,REJECTED,"19 subscribers is outside 5,000–100,000",devops for beginners
DevFlow Studios,https://www.youtube.com/@devflowstudios,41,REJECTED,"41 subscribers is outside 5,000–100,000",devops for beginners
unfiltered Anshul,https://www.youtube.com/@unfilteredanshul37,0,REJECTED,"0 subscribers is outside 5,000–100,000",devops for beginners
Patel MernStack,https://www.youtube.com/@patelmernstack,37900,QUALIFIED,,devops for beginners
Madhu Kiran,https://www.youtube.com/@madhukiran_mindcircuit,63100,REJECTED,Engagement 0.38% < 2.00% minimum,devops for beginners
Coding Palette,https://www.youtube.com/@codingpalette,42,REJECTED,"42 subscribers is outside 5,000–100,000",devops for beginners
Arivi by HCL GUVI,https://www.youtube.com/@arivibyhclguvi,135000,REJECTED,"135,000 subscribers is outside 5,000–100,000",devops for beginners
Teja MVS,https://www.youtube.com/@tejamvs,471,REJECTED,"471 subscribers is outside 5,000–100,000",devops for beginners
Mana Videos DevOps,https://www.youtube.com/@manavideosdevops,2,REJECTED,"2 subscribers is outside 5,000–100,000",devops for beginners
rajesh B,https://www.youtube.com/@rajeshb-q4l,9,REJECTED,"9 subscribers is outside 5,000–100,000",devops for beginners
DevOps & Cloud Tutorials,https://www.youtube.com/@devopscloudtutorials,7,REJECTED,"7 subscribers is outside 5,000–100,000",devops for beginners
LearnwithDevOpsEngineer,https://www.youtube.com/@learnwithdevopsengineer,4980,REJECTED,"4,980 subscribers is outside 5,000–100,000",devops for beginners
shreevaatsava vaidya,https://www.youtube.com/@shreevaatsavavaidya-y8y,1,REJECTED,"1 subscribers is outside 5,000–100,000",devops for beginners
Boot dev,https://www.youtube.com/@bootdotdev,180000,REJECTED,"180,000 subscribers is outside 5,000–100,000",devops for beginners
Harkirat Singh,https://www.youtube.com/@harkirat1,619000,REJECTED,"619,000 subscribers is outside 5,000–100,000",devops for beginners
Loveneet Makhija | Learn Coding Fast,https://www.youtube.com/@loveneetmakhija,30,REJECTED,"30 subscribers is outside 5,000–100,000",devops for beginners
SysTelligence,https://www.youtube.com/@systelligence,46,REJECTED,"46 subscribers is outside 5,000–100,000",devops for beginners
Salesforce For Beginner,https://www.youtube.com/@salesforceforbeginner,167,REJECTED,"167 subscribers is outside 5,000–100,000",devops for beginners
CloudCoder Hindi,https://www.youtube.com/@cloudcoderhindi,0,REJECTED,"0 subscribers is outside 5,000–100,000",devops for beginners
Eduwise Solutions,https://www.youtube.com/@eduwisesolutions-123,1620,REJECTED,"1,620 subscribers is outside 5,000–100,000",devops for beginners
Cloud Tech Ram,https://www.youtube.com/@cloudtechram,8110,REJECTED,Engagement 1.48% < 2.00% minimum,devops for beginners
PythonLife,https://www.youtube.com/@pythonlifetelugu,563000,REJECTED,"563,000 subscribers is outside 5,000–100,000",devops for beginners
CodeWithHarry,https://www.youtube.com/@codewithharry,9990000,REJECTED,"9,990,000 subscribers is outside 5,000–100,000",devops for beginners
DevOps Tutorial,https://www.youtube.com/@awsdevopstamil,1,REJECTED,"1 subscribers is outside 5,000–100,000",devops for beginners
Devops Easy,https://www.youtube.com/@devopseasy,5540,REJECTED,Engagement 1.09% < 2.00% minimum,devops for beginners
KloudOps Pro.,https://www.youtube.com/@kloudopspro,10,REJECTED,"10 subscribers is outside 5,000–100,000",devops for beginners
DevOps with Prasad in Telugu,https://www.youtube.com/@devopswithprasadintelugu,2610,REJECTED,"2,610 subscribers is outside 5,000–100,000",devops for beginners
"Java ,AWS and Devops for Beginners ",https://www.youtube.com/@prajnapatla,25,REJECTED,"25 subscribers is outside 5,000–100,000",devops for beginners
CloudFabric,https://www.youtube.com/@cloudfabricofficial,2,REJECTED,"2 subscribers is outside 5,000–100,000",devops for beginners
kk funda,https://www.youtube.com/@kkfunda,36000,REJECTED,Engagement 0.97% < 2.00% minimum,devops for beginners
Abhishek.Veeramalla,https://www.youtube.com/@abhishekveeramalla,670000,REJECTED,"670,000 subscribers is outside 5,000–100,000",devops for beginners
Velum Theory,https://www.youtube.com/@velum-theory,26,REJECTED,"26 subscribers is outside 5,000–100,000",docker tutorial for beginners
The Lazy Engineer,https://www.youtube.com/@thelazyengineer-f5e,39,REJECTED,"39 subscribers is outside 5,000–100,000",docker tutorial for beginners
Everyday IT Fix,https://www.youtube.com/@everydayitfix,17,REJECTED,"17 subscribers is outside 5,000–100,000",docker tutorial for beginners
shivam sharma,https://www.youtube.com/@codewithshivu,19,REJECTED,"19 subscribers is outside 5,000–100,000",docker tutorial for beginners
Setup In Minutes ,https://www.youtube.com/@setupinminutes,7660,REJECTED,Engagement 0.00% < 2.00% minimum,docker tutorial for beginners
Devops Academy Pvt Ltd,https://www.youtube.com/@devopsacademyindia,66,REJECTED,"66 subscribers is outside 5,000–100,000",docker tutorial for beginners
CarpoolVenom,https://www.youtube.com/@carpoolvenom,34600,REJECTED,Engagement 0.69% < 2.00% minimum,docker tutorial for beginners
DevOps with Shajeel ,https://www.youtube.com/@devopwithshajeel,14,REJECTED,"14 subscribers is outside 5,000–100,000",docker tutorial for beginners
Harshalkumar Jain,https://www.youtube.com/@harshalkumarjain,6150,REJECTED,Engagement 0.92% < 2.00% minimum,docker tutorial for beginners
Sarvin Style Coding,https://www.youtube.com/@sarvinstylecoding,73300,QUALIFIED,,docker tutorial for beginners
Learn Code With Durgesh,https://www.youtube.com/@learncodewithdurgesh,361000,REJECTED,"361,000 subscribers is outside 5,000–100,000",docker tutorial for beginners
TechSimPlus Learnings,https://www.youtube.com/@techsimpluslearnings,18100,REJECTED,Engagement 1.95% < 2.00% minimum,docker tutorial for beginners
VictoryDeveloper,https://www.youtube.com/@victorydeveloper,9860,REJECTED,Content language: hi,docker tutorial for beginners
PathNex - Shaping Careers,https://www.youtube.com/@pathnex,8190,QUALIFIED,,docker tutorial for beginners
Rahul Nath,https://www.youtube.com/@rahulnath,36600,QUALIFIED,,docker tutorial for beginners
TechByAni,https://www.youtube.com/@techbyaniofficial,3480,REJECTED,"3,480 subscribers is outside 5,000–100,000",docker tutorial for beginners
TECHCAREER HUB,https://www.youtube.com/@techcareer_hub,42,REJECTED,"42 subscribers is outside 5,000–100,000",docker tutorial for beginners
Tech IT Easy With Akash,https://www.youtube.com/@techiteasywithakash,7750,QUALIFIED,,docker tutorial for beginners
Yazdan Ghorbani,https://www.youtube.com/@yazdanteaches,2,REJECTED,"2 subscribers is outside 5,000–100,000",docker tutorial for beginners
jadeja rajpal sinh,https://www.youtube.com/@devops_jadeja,3960,REJECTED,"3,960 subscribers is outside 5,000–100,000",docker tutorial for beginners
Euron,https://www.youtube.com/@euron-official,66600,REJECTED,Engagement 1.38% < 2.00% minimum,docker tutorial for beginners
Deepika Ukhale,https://www.youtube.com/@deepika_ukhale,2050,REJECTED,"2,050 subscribers is outside 5,000–100,000",docker tutorial for beginners
LearnITGuide Tutorials,https://www.youtube.com/@learnitguide,47400,REJECTED,Only 0 eligible videos (need 3),docker tutorial for beginners
7 Hills,https://www.youtube.com/@7hills,75300,REJECTED,Classified as Entertainment; Relevance 0.30 < 0.60; Content language: other,docker tutorial for beginners
CodeGenitor,https://www.youtube.com/@codegenitor,16300,REJECTED,Likes hidden on 5/5 sampled videos,docker tutorial for beginners
Coding Bytes,https://www.youtube.com/@codingbytes1,128,REJECTED,"128 subscribers is outside 5,000–100,000",docker tutorial for beginners
The Coding Camp,https://www.youtube.com/@thecodingcampyt,685,REJECTED,"685 subscribers is outside 5,000–100,000",docker tutorial for beginners
AImagic,https://www.youtube.com/@aimagic85,2500,REJECTED,"2,500 subscribers is outside 5,000–100,000",docker tutorial for beginners
Coding Simplified,https://www.youtube.com/@codingsimplifiedwithsadid,88,REJECTED,"88 subscribers is outside 5,000–100,000",docker tutorial for beginners
Developer Reboot,https://www.youtube.com/@dev-reboot,4,REJECTED,"4 subscribers is outside 5,000–100,000",docker tutorial for beginners
Interesting data,https://www.youtube.com/@interestingdata2020,16100,QUALIFIED,,docker tutorial for beginners
Devtamin,https://www.youtube.com/@devtamin,28100,REJECTED,Engagement 1.04% < 2.00% minimum,docker tutorial for beginners
Sourabh Tembhare,https://www.youtube.com/@sourabhtembharedeveloper,1400,REJECTED,"1,400 subscribers is outside 5,000–100,000",docker tutorial for beginners
Aslam Speaks | No code AI Automation & N8n,https://www.youtube.com/@aslamspeaks,2500,REJECTED,"2,500 subscribers is outside 5,000–100,000",docker tutorial for beginners
Naveen Tech Hub,https://www.youtube.com/@naveen-techhub,658,REJECTED,"658 subscribers is outside 5,000–100,000",docker tutorial for beginners
Standup Coder,https://www.youtube.com/@standupcoder1,58,REJECTED,"58 subscribers is outside 5,000–100,000",docker tutorial for beginners
Cloudlearn - Interactive Cloud & Security Training,https://www.youtube.com/@cloudlearn-io,343,REJECTED,"343 subscribers is outside 5,000–100,000",docker tutorial for beginners
TechFlow-Stackyra,https://www.youtube.com/@stackyra,12,REJECTED,"12 subscribers is outside 5,000–100,000",docker tutorial for beginners
Cipher Schools,https://www.youtube.com/@cipherschools,2470,REJECTED,"2,470 subscribers is outside 5,000–100,000",docker tutorial for beginners
ByteMonk,https://www.youtube.com/@bytemonk,404000,REJECTED,"404,000 subscribers is outside 5,000–100,000",docker tutorial for beginners
Electro4u,https://www.youtube.com/@electro4u,1370,REJECTED,"1,370 subscribers is outside 5,000–100,000",linux command line basics
ShubhamSec,https://www.youtube.com/@shubhamsec,221,REJECTED,"221 subscribers is outside 5,000–100,000",linux command line basics
CyberSec Guy :),https://www.youtube.com/@cybersec.guy1,0,REJECTED,"0 subscribers is outside 5,000–100,000",linux command line basics
SuperUser Tech,https://www.youtube.com/@superuser-technology,16500,QUALIFIED,,linux command line basics
Cyber Labs with Anshu,https://www.youtube.com/@cyberlabswithanshu,18,REJECTED,"18 subscribers is outside 5,000–100,000",linux command line basics
Embedded World,https://www.youtube.com/@embeddedworld0,23,REJECTED,"23 subscribers is outside 5,000–100,000",linux command line basics
Radical Technologies,https://www.youtube.com/@radicaltechnologies,3720,REJECTED,"3,720 subscribers is outside 5,000–100,000",linux command line basics
StudyPalz,https://www.youtube.com/@studypalz,1860,REJECTED,"1,860 subscribers is outside 5,000–100,000",linux command line basics
Rayncode,https://www.youtube.com/@rayncode.official,1020,REJECTED,"1,020 subscribers is outside 5,000–100,000",linux command line basics
let solutions,https://www.youtube.com/@letsolutions223,1340,REJECTED,"1,340 subscribers is outside 5,000–100,000",linux command line basics
Unsalt3d,https://www.youtube.com/@unsaltedthecyberguy,48,REJECTED,"48 subscribers is outside 5,000–100,000",linux command line basics
DevOps With Anil - Telugu,https://www.youtube.com/@devopswithaniltelugu,4740,REJECTED,"4,740 subscribers is outside 5,000–100,000",linux command line basics
trs online,https://www.youtube.com/@trsonline-k9o,76,REJECTED,"76 subscribers is outside 5,000–100,000",linux command line basics
Learning Platform,https://www.youtube.com/@learningplatform23,2350,REJECTED,"2,350 subscribers is outside 5,000–100,000",linux command line basics
Krythos Technologies,https://www.youtube.com/@krythostechnologies,19,REJECTED,"19 subscribers is outside 5,000–100,000",linux command line basics
Learn with Aaftab,https://www.youtube.com/@aaftabhamdani,232,REJECTED,"232 subscribers is outside 5,000–100,000",linux command line basics
EdxPath,https://www.youtube.com/@edxpath,5370,QUALIFIED,,linux command line basics
AI Learning Hub Guru,https://www.youtube.com/@ailearninghubguru,22,REJECTED,"22 subscribers is outside 5,000–100,000",linux command line basics
Tovar Tech. Learning made practical.,https://www.youtube.com/@noetovar5,95,REJECTED,"95 subscribers is outside 5,000–100,000",linux command line basics
ShogunShell,https://www.youtube.com/@theshogunshell,334,REJECTED,"334 subscribers is outside 5,000–100,000",linux command line basics
Ashok Reddy Vajrala,https://www.youtube.com/@chan_learn,13,REJECTED,"13 subscribers is outside 5,000–100,000",linux command line basics
M Security,https://www.youtube.com/@msecurity846,17900,REJECTED,Brand-safety flags: account hacking,linux command line basics
corebyteitlab ,https://www.youtube.com/@corebyteitlab,36,REJECTED,"36 subscribers is outside 5,000–100,000",linux command line basics
Ping of Shame,https://www.youtube.com/@layer8protocol,56,REJECTED,"56 subscribers is outside 5,000–100,000",linux command line basics
Saurabh Kumar,https://www.youtube.com/@saurabhkumar-q9k1y,7,REJECTED,"7 subscribers is outside 5,000–100,000",linux command line basics
That DevOps Guy,https://www.youtube.com/@marceldempers,97900,QUALIFIED,,linux command line basics
Gnu To Linux,https://www.youtube.com/@gnutolinux,1140,REJECTED,"1,140 subscribers is outside 5,000–100,000",linux command line basics
Minnesota Supercomputing Institute | UMN,https://www.youtube.com/@uofmmsi,1290,REJECTED,"1,290 subscribers is outside 5,000–100,000",linux command line basics
KernelPath,https://www.youtube.com/@kernelpath,48,REJECTED,"48 subscribers is outside 5,000–100,000",linux command line basics
Cybriox,https://www.youtube.com/@cybriox,974,REJECTED,"974 subscribers is outside 5,000–100,000",linux command line basics
Pyengrave learnings ,https://www.youtube.com/@pyengrave-technologies-learn,70,REJECTED,"70 subscribers is outside 5,000–100,000",linux command line basics
Shubham Sharma,https://www.youtube.com/@shubhamsharma-o1x,2,REJECTED,"2 subscribers is outside 5,000–100,000",linux command line basics
Mani Bhushan,https://www.youtube.com/@ramarcury,10,REJECTED,"10 subscribers is outside 5,000–100,000",linux command line basics
Bruhaspathi Institute of Biosciences,https://www.youtube.com/@bruhaspathi_bib,215,REJECTED,"215 subscribers is outside 5,000–100,000",linux command line basics
Linux Threat,https://www.youtube.com/@umarfarooq-x3e6l,307,REJECTED,"307 subscribers is outside 5,000–100,000",linux command line basics
CYBER HUNTER WARRIOR,https://www.youtube.com/@cyberhunterwarrior,177,REJECTED,"177 subscribers is outside 5,000–100,000",linux command line basics
Sai Teja,https://www.youtube.com/@sai_tej_078,958,REJECTED,"958 subscribers is outside 5,000–100,000",linux command line basics
BOT,https://www.youtube.com/@beontechknow,154,REJECTED,"154 subscribers is outside 5,000–100,000",linux command line basics
sentinel octopus,https://www.youtube.com/@sentinel_octopus,102,REJECTED,"102 subscribers is outside 5,000–100,000",linux command line basics
Ethical Explorers,https://www.youtube.com/@ethicalexplorers18,9630,QUALIFIED,,linux command line basics
CloudDBA365,https://www.youtube.com/@clouddba365,7,REJECTED,"7 subscribers is outside 5,000–100,000",linux command line basics
Oryrr,https://www.youtube.com/@oryrr955,10,REJECTED,"10 subscribers is outside 5,000–100,000",linux command line basics
suresh kumar,https://www.youtube.com/@akslinuxtech,208,REJECTED,"208 subscribers is outside 5,000–100,000",linux command line basics
Amit Verma,https://www.youtube.com/@amitverma23,9,REJECTED,"9 subscribers is outside 5,000–100,000",linux command line basics
Meera Tamboli,https://www.youtube.com/@meeratamboli,50400,QUALIFIED,,cybersecurity for beginners
The Social Dork | Cyber Security,https://www.youtube.com/@thesocialdork1133,61500,QUALIFIED,,cybersecurity for beginners
GISPL,https://www.youtube.com/@g-ispl,358,REJECTED,"358 subscribers is outside 5,000–100,000",cybersecurity for beginners
Build IT Skill,https://www.youtube.com/@builditskill,1380,REJECTED,"1,380 subscribers is outside 5,000–100,000",cybersecurity for beginners
Sirat in Tech,https://www.youtube.com/@siratintech,12600,QUALIFIED,,cybersecurity for beginners
Sasta Hacker,https://www.youtube.com/@systemtodnewala,240,REJECTED,"240 subscribers is outside 5,000–100,000",cybersecurity for beginners
Career Chats with Swati ,https://www.youtube.com/@careerchatswithswati,72500,REJECTED,Engagement 1.32% < 2.00% minimum,cybersecurity for beginners
LearnTechs | Jagrit,https://www.youtube.com/@learntechs0,17,REJECTED,"17 subscribers is outside 5,000–100,000",cybersecurity for beginners
Telugu Stack,https://www.youtube.com/@telugustackyt,155,REJECTED,"155 subscribers is outside 5,000–100,000",cybersecurity for beginners
CyberSinghh,https://www.youtube.com/@cybersinghh,73,REJECTED,"73 subscribers is outside 5,000–100,000",cybersecurity for beginners
ACW360,https://www.youtube.com/@arewacyberwarrior,8140,QUALIFIED,,cybersecurity for beginners
Defronix Academy,https://www.youtube.com/@defronix,56500,REJECTED,Engagement 1.71% < 2.00% minimum,cybersecurity for beginners
YourCyberStop,https://www.youtube.com/@yourcyberstop,4090,REJECTED,"4,090 subscribers is outside 5,000–100,000",cybersecurity for beginners
Shiva Ram Tech,https://www.youtube.com/@shivaramtech2132,55400,REJECTED,Engagement 1.75% < 2.00% minimum,cybersecurity for beginners
Timiphil,https://www.youtube.com/@rotimi48,1430,REJECTED,"1,430 subscribers is outside 5,000–100,000",cybersecurity for beginners
CyberKemik,https://www.youtube.com/@cyberkemik,52,REJECTED,"52 subscribers is outside 5,000–100,000",cybersecurity for beginners
UnixGuy | Cyber Security,https://www.youtube.com/@unixguy,327000,REJECTED,"327,000 subscribers is outside 5,000–100,000",cybersecurity for beginners
Techlyst,https://www.youtube.com/@techlyst-yt,8,REJECTED,"8 subscribers is outside 5,000–100,000",cybersecurity for beginners
Akash Dabodia ,https://www.youtube.com/@rajsonakash,1480,REJECTED,"1,480 subscribers is outside 5,000–100,000",cybersecurity for beginners
With Sandra,https://www.youtube.com/@withsandra,168000,REJECTED,"168,000 subscribers is outside 5,000–100,000",cybersecurity for beginners
uCertify,https://www.youtube.com/@ucertifyvideos,3970,REJECTED,"3,970 subscribers is outside 5,000–100,000",cybersecurity for beginners
The Darknet Hub,https://www.youtube.com/@thedarknethub,17900,REJECTED,Likes hidden on 10/10 sampled videos,cybersecurity for beginners
FrontLinesMedia,https://www.youtube.com/@frontlinesmedia,515000,REJECTED,"515,000 subscribers is outside 5,000–100,000",cybersecurity for beginners
Cyber with Ben,https://www.youtube.com/@cyberwithben,129000,REJECTED,"129,000 subscribers is outside 5,000–100,000",cybersecurity for beginners
Akber Shaikh,https://www.youtube.com/@mediocrekuchkar,124000,REJECTED,"124,000 subscribers is outside 5,000–100,000",cybersecurity for beginners
CRM AI Expert,https://www.youtube.com/@crmaiexpert,1,REJECTED,"1 subscribers is outside 5,000–100,000",aws cloud basics tutorial
EverythingDevOps,https://www.youtube.com/@everythingdevopshq,274,REJECTED,"274 subscribers is outside 5,000–100,000",aws cloud basics tutorial
Exam Prep Study Guides,https://www.youtube.com/@examprepstudyguides,2,REJECTED,"2 subscribers is outside 5,000–100,000",aws cloud basics tutorial
Data crack ,https://www.youtube.com/@datacrack-h9q,69,REJECTED,"69 subscribers is outside 5,000–100,000",aws cloud basics tutorial
Cloud Subscribers,https://www.youtube.com/@cloudsubscribers,665,REJECTED,"665 subscribers is outside 5,000–100,000",aws cloud basics tutorial
Telusko,https://www.youtube.com/@telusko,3030000,REJECTED,"3,030,000 subscribers is outside 5,000–100,000",aws cloud basics tutorial
SGITMYSTR ,https://www.youtube.com/@sgitmystr,547,REJECTED,"547 subscribers is outside 5,000–100,000",aws cloud basics tutorial
CloudwithCharles,https://www.youtube.com/@cloudwithcharles,50,REJECTED,"50 subscribers is outside 5,000–100,000",aws cloud basics tutorial
uCertifyUniversity,https://www.youtube.com/@ucertifyuniversity,363,REJECTED,"363 subscribers is outside 5,000–100,000",aws cloud basics tutorial
Yourclouddude,https://www.youtube.com/@yourclouddude,52,REJECTED,"52 subscribers is outside 5,000–100,000",aws cloud basics tutorial
SP Learning Labs,https://www.youtube.com/@splearninglab,674,REJECTED,"674 subscribers is outside 5,000–100,000",aws cloud basics tutorial
Glaxxen,https://www.youtube.com/@glaxxen,71,REJECTED,"71 subscribers is outside 5,000–100,000",aws cloud basics tutorial
Rahul Patel,https://www.youtube.com/@rahulpatel-c7h,45,REJECTED,"45 subscribers is outside 5,000–100,000",aws cloud basics tutorial
mNc Digital Arts,https://www.youtube.com/@mncdigitalarts,3,REJECTED,"3 subscribers is outside 5,000–100,000",aws cloud basics tutorial
Cloudtechexec,https://www.youtube.com/@cloudtechexec,11300,REJECTED,Engagement 1.87% < 2.00% minimum,aws cloud basics tutorial
Shree Technology Solutions,https://www.youtube.com/@shreetechnologysolutions,8,REJECTED,"8 subscribers is outside 5,000–100,000",aws cloud basics tutorial
Techieee,https://www.youtube.com/@techtalk023,2,REJECTED,"2 subscribers is outside 5,000–100,000",aws cloud basics tutorial
Tech With Soleyman,https://www.youtube.com/@techwithsoleyman,189000,REJECTED,"189,000 subscribers is outside 5,000–100,000",aws cloud basics tutorial
LT core. AI,https://www.youtube.com/@ltcoreai,2,REJECTED,"2 subscribers is outside 5,000–100,000",aws cloud basics tutorial
SmartClickLab,https://www.youtube.com/@smartclicklab,137,REJECTED,"137 subscribers is outside 5,000–100,000",aws cloud basics tutorial
InfoSansJargon,https://www.youtube.com/@infosansjargon,9,REJECTED,"9 subscribers is outside 5,000–100,000",aws cloud basics tutorial
Chayan Deokar,https://www.youtube.com/@chayandeokar26,5230,QUALIFIED,,aws cloud basics tutorial
GoLogica,https://www.youtube.com/@gologicatechnologies,47300,REJECTED,Engagement 1.47% < 2.00% minimum,aws cloud basics tutorial
Abhishek Anand,https://www.youtube.com/@cloudcareerlab1012,711,REJECTED,"711 subscribers is outside 5,000–100,000",aws cloud basics tutorial
YoursTechBuddy,https://www.youtube.com/@sanjeevkumar-gy3zh,10,REJECTED,"10 subscribers is outside 5,000–100,000",aws cloud basics tutorial
Cyventratech - Cybersecurity Community,https://www.youtube.com/@cyventratech,71,REJECTED,"71 subscribers is outside 5,000–100,000",aws cloud basics tutorial
Zx Academy,https://www.youtube.com/@zxacademytrainings,7440,REJECTED,Engagement 1.39% < 2.00% minimum,aws cloud basics tutorial
Appicenter AI,https://www.youtube.com/@romitbhandari8790,251,REJECTED,"251 subscribers is outside 5,000–100,000",aws cloud basics tutorial
TungaBadra Networks,https://www.youtube.com/@tb_networks,23600,REJECTED,Engagement 1.52% < 2.00% minimum,aws cloud basics tutorial
LbisTech,https://www.youtube.com/@lbistech9172,2460,REJECTED,"2,460 subscribers is outside 5,000–100,000",aws cloud basics tutorial
Icnt Gyan,https://www.youtube.com/@icntgyan,47000,REJECTED,Only 0 eligible videos (need 3),aws cloud basics tutorial
Tito Space,https://www.youtube.com/@titospacehq,64,REJECTED,"64 subscribers is outside 5,000–100,000",aws cloud basics tutorial
Learnomate Technologies,https://www.youtube.com/@learnomate,84800,REJECTED,Engagement 1.04% < 2.00% minimum,aws cloud basics tutorial
Cloud Infra Bit Plus,https://www.youtube.com/@cloud_basic,0,REJECTED,"0 subscribers is outside 5,000–100,000",aws cloud basics tutorial
vat,https://www.youtube.com/@vatyoi,6,REJECTED,"6 subscribers is outside 5,000–100,000",aws cloud basics tutorial
Hi-Tech Institution,https://www.youtube.com/@hitechinstitution,18100,REJECTED,Engagement 1.02% < 2.00% minimum,aws cloud basics tutorial
MrKnowledgeShare,https://www.youtube.com/@mrknowledgeshare,979,REJECTED,"979 subscribers is outside 5,000–100,000",aws cloud basics tutorial
subhendu das,https://www.youtube.com/@subhendudas-lgwithsd,14,REJECTED,"14 subscribers is outside 5,000–100,000",aws cloud basics tutorial
Absent Data,https://www.youtube.com/@absentdata,71200,QUALIFIED,,sql tutorial for data analysis
Cloud Tech Burner,https://www.youtube.com/@cloudtechburner,22100,REJECTED,Engagement 1.10% < 2.00% minimum,sql tutorial for data analysis
Tech - Jroshan,https://www.youtube.com/@tech_jroshan,1330,REJECTED,"1,330 subscribers is outside 5,000–100,000",sql tutorial for data analysis
Tech Learniversity,https://www.youtube.com/@techlearniversity,1560,REJECTED,"1,560 subscribers is outside 5,000–100,000",sql tutorial for data analysis
AI Decoded with Olivia,https://www.youtube.com/@aidecoded-olivia,21,REJECTED,"21 subscribers is outside 5,000–100,000",sql tutorial for data analysis
CS Edupoint,https://www.youtube.com/@csedupoint,694,REJECTED,"694 subscribers is outside 5,000–100,000",sql tutorial for data analysis
Informessor,https://www.youtube.com/@informessor,2180,REJECTED,"2,180 subscribers is outside 5,000–100,000",sql tutorial for data analysis
Data Logic With Shivam,https://www.youtube.com/@datalogicwithshivam,29400,QUALIFIED,,sql tutorial for data analysis
Sundas Khalid,https://www.youtube.com/@sundaskhalid,358000,REJECTED,"358,000 subscribers is outside 5,000–100,000",sql tutorial for data analysis
Data Tutorials,https://www.youtube.com/@datatutorials1,246000,REJECTED,"246,000 subscribers is outside 5,000–100,000",sql tutorial for data analysis
The Data Professionals 🧾🧐,https://www.youtube.com/@datahacksdaily-byrs,277,REJECTED,"277 subscribers is outside 5,000–100,000",sql tutorial for data analysis
Saranya Devarapalli,https://www.youtube.com/@saranya_devarapalli,341,REJECTED,"341 subscribers is outside 5,000–100,000",sql tutorial for data analysis
Dyuti Lal,https://www.youtube.com/@dyutilal,286,REJECTED,"286 subscribers is outside 5,000–100,000",sql tutorial for data analysis
WeXllent,https://www.youtube.com/@c_wexllent,10800,REJECTED,Engagement 1.56% < 2.00% minimum,sql tutorial for data analysis
SQL Time with Vlada,https://www.youtube.com/@sqltimewithvlada,164,REJECTED,"164 subscribers is outside 5,000–100,000",sql tutorial for data analysis
Data Cruise,https://www.youtube.com/@datacruise,82,REJECTED,"82 subscribers is outside 5,000–100,000",sql tutorial for data analysis
Siddhi Awankar,https://www.youtube.com/@siddhi_awankar,14,REJECTED,"14 subscribers is outside 5,000–100,000",sql tutorial for data analysis
AVSK Developers,https://www.youtube.com/@avskdevelopers,773,REJECTED,"773 subscribers is outside 5,000–100,000",sql tutorial for data analysis
She Explores Data,https://www.youtube.com/@sheexploresdata,280,REJECTED,"280 subscribers is outside 5,000–100,000",sql tutorial for data analysis
Anna Education,https://www.youtube.com/@annaeducation_institute,51,REJECTED,"51 subscribers is outside 5,000–100,000",sql tutorial for data analysis
SQL School,https://www.youtube.com/@sequelschool,18700,REJECTED,Engagement 1.64% < 2.00% minimum,sql tutorial for data analysis
Noodle Brain,https://www.youtube.com/@iamnoodlebrain,23900,QUALIFIED,,sql tutorial for data analysis
DataWithFardeen,https://www.youtube.com/@datawithfardeen,121,REJECTED,"121 subscribers is outside 5,000–100,000",sql tutorial for data analysis
DataVista Analytics,https://www.youtube.com/@datavistaanalytics1,2790,REJECTED,"2,790 subscribers is outside 5,000–100,000",sql tutorial for data analysis
Sahil Gogna,https://www.youtube.com/@gognasahil,40100,QUALIFIED,,sql tutorial for data analysis
Pro Data Analytics,https://www.youtube.com/@prodataanalytics,467,REJECTED,"467 subscribers is outside 5,000–100,000",sql tutorial for data analysis
TechHive,https://www.youtube.com/@techhive15,26,REJECTED,"26 subscribers is outside 5,000–100,000",sql tutorial for data analysis
Sapphire Training,https://www.youtube.com/@sapphiretrainingsolution,33,REJECTED,"33 subscribers is outside 5,000–100,000",excel tips for data analysis
Excelbychris,https://www.youtube.com/@excelbychris,32400,QUALIFIED,,excel tips for data analysis
Computergaga,https://www.youtube.com/@computergaga,128000,REJECTED,"128,000 subscribers is outside 5,000–100,000",excel tips for data analysis
Data Universe,https://www.youtube.com/@datauniversebi,13700,REJECTED,Engagement 0.93% < 2.00% minimum,excel tips for data analysis
Compedu Knowledge,https://www.youtube.com/@compeduknowledge,8700,REJECTED,Engagement 1.98% < 2.00% minimum,excel tips for data analysis
My Excel,https://www.youtube.com/@myexcelhandle,4130,REJECTED,"4,130 subscribers is outside 5,000–100,000",excel tips for data analysis
JICT JAGRITICOMPUTER,https://www.youtube.com/@jictjagriticomputer7916,179000,REJECTED,"179,000 subscribers is outside 5,000–100,000",excel tips for data analysis
Excel with_Koushik,https://www.youtube.com/@excelwithkoushik,28,REJECTED,"28 subscribers is outside 5,000–100,000",excel tips for data analysis
Ayotunde Ajibola,https://www.youtube.com/@ayotundeajibola,5380,QUALIFIED,,excel tips for data analysis
Excel Learning Zone,https://www.youtube.com/@excel_learning_zone,17,REJECTED,"17 subscribers is outside 5,000–100,000",excel tips for data analysis
Sarvpratham Analytics,https://www.youtube.com/@sarvprathamanalytics,193,REJECTED,"193 subscribers is outside 5,000–100,000",excel tips for data analysis
Ramyaa K Coaching,https://www.youtube.com/@ramyaakcoaching,28,REJECTED,"28 subscribers is outside 5,000–100,000",excel tips for data analysis
Learn Computer with Vijay Panwar,https://www.youtube.com/@learncomputerwithvijaypanwar,3020,REJECTED,"3,020 subscribers is outside 5,000–100,000",excel tips for data analysis
UniqueAcademy 2.0,https://www.youtube.com/@uniquesmashers_academy2.0,864,REJECTED,"864 subscribers is outside 5,000–100,000",excel tips for data analysis
Learn IT With Suraj,https://www.youtube.com/@suraj_kapoor_skc,347,REJECTED,"347 subscribers is outside 5,000–100,000",excel tips for data analysis
Amaka Ifebunandu (dexcelcoach),https://www.youtube.com/@accountingonexcel,6800,QUALIFIED,,excel tips for data analysis
Excel with Rekha,https://www.youtube.com/@excel_with_rekha,89,REJECTED,"89 subscribers is outside 5,000–100,000",excel tips for data analysis
Genius World,https://www.youtube.com/@geniusworldteam,10100,REJECTED,Engagement 0.67% < 2.00% minimum,excel tips for data analysis
EXCEL IN SECONDS,https://www.youtube.com/@excelinseconds1,122,REJECTED,"122 subscribers is outside 5,000–100,000",excel tips for data analysis
Digital Seller Academy,https://www.youtube.com/@digitalselleracademy,475,REJECTED,"475 subscribers is outside 5,000–100,000",excel tips for data analysis
Excel With kyle,https://www.youtube.com/@excel_with_kyle,195,REJECTED,"195 subscribers is outside 5,000–100,000",excel tips for data analysis
Satish Dhawale,https://www.youtube.com/@satish_dhawale,397000,REJECTED,"397,000 subscribers is outside 5,000–100,000",excel tips for data analysis
IICA Computer Education,https://www.youtube.com/@iicacomputereducation,271000,REJECTED,"271,000 subscribers is outside 5,000–100,000",excel tips for data analysis
careerinfo76,https://www.youtube.com/@careerinfo76,15600,QUALIFIED,,excel tips for data analysis
Accounts Advisor,https://www.youtube.com/@accounts_advisor,15600,REJECTED,Only 0 eligible videos (need 3),excel tips for data analysis
Easy Click Learning,https://www.youtube.com/@easyclicklearning,30600,REJECTED,Engagement 1.72% < 2.00% minimum,excel tips for data analysis
Analyst Neeraj,https://www.youtube.com/@analystneeraj,87,REJECTED,"87 subscribers is outside 5,000–100,000",excel tips for data analysis
Codegnan,https://www.youtube.com/@codegnan,11500,REJECTED,Engagement 1.34% < 2.00% minimum,excel tips for data analysis
MANOJ KUMAR EXCEL,https://www.youtube.com/@manojkumarexcel,63800,QUALIFIED,,excel tips for data analysis
The Corporate Sheet,https://www.youtube.com/@thecorporatesheet,6,REJECTED,"6 subscribers is outside 5,000–100,000",excel tips for data analysis
Excel Unbound,https://www.youtube.com/@excelunbound,45,REJECTED,"45 subscribers is outside 5,000–100,000",excel tips for data analysis
Sunaina Lakshya Edu,https://www.youtube.com/@sunainalakshyatechedu,2080,REJECTED,"2,080 subscribers is outside 5,000–100,000",excel tips for data analysis
UrBizEdge,https://www.youtube.com/@michaelolafusi,8830,QUALIFIED,,excel tips for data analysis
The Course Library,https://www.youtube.com/@thecourselibrary,75,REJECTED,"75 subscribers is outside 5,000–100,000",excel tips for data analysis
Change tips and tools,https://www.youtube.com/@changetipsandtools,6050,REJECTED,Engagement 1.76% < 2.00% minimum,excel tips for data analysis
Data Syntax,https://www.youtube.com/@datasyntax365,9,REJECTED,"9 subscribers is outside 5,000–100,000",excel tips for data analysis
Rise With RS,https://www.youtube.com/@risewith_rs,6740,REJECTED,Engagement 1.20% < 2.00% minimum,excel tips for data analysis
Computer Hub,https://www.youtube.com/@computer-hub01,12300,QUALIFIED,,excel tips for data analysis
Dare Digi,https://www.youtube.com/@dare.digi00,17,REJECTED,"17 subscribers is outside 5,000–100,000",excel tips for data analysis
Computer Tech Academy,https://www.youtube.com/@computertechacademy,506000,REJECTED,"506,000 subscribers is outside 5,000–100,000",excel tips for data analysis
Zero Analyst,https://www.youtube.com/@zero_analyst,37300,QUALIFIED,,power bi tutorial
Unlock Geeks,https://www.youtube.com/@unlockgeeks,81,REJECTED,"81 subscribers is outside 5,000–100,000",power bi tutorial
Data Tutorial,https://www.youtube.com/@datatutorial-1,11900,QUALIFIED,,power bi tutorial
Level Up with Louis,https://www.youtube.com/@levelupwithlouis,1220,REJECTED,"1,220 subscribers is outside 5,000–100,000",power bi tutorial
Pradeep CDI,https://www.youtube.com/@pradeepcdi,310,REJECTED,"310 subscribers is outside 5,000–100,000",power bi tutorial
Professor Cubs,https://www.youtube.com/@professorcubs,6390,REJECTED,Engagement 0.00% < 2.00% minimum,power bi tutorial
How to Power BI,https://www.youtube.com/@howtopowerbi,1040000,REJECTED,"1,040,000 subscribers is outside 5,000–100,000",power bi tutorial
RealDataCloud,https://www.youtube.com/@realdatacloud,5480,REJECTED,Engagement 1.88% < 2.00% minimum,power bi tutorial
PM Expert,https://www.youtube.com/@pankajsh10,53800,REJECTED,Only 0 eligible videos (need 3),power bi tutorial
ICBT Consultants,https://www.youtube.com/@icbtconsultants,14300,QUALIFIED,,power bi tutorial
Excel Bonanza,https://www.youtube.com/@excelbonanza,8680,QUALIFIED,,power bi tutorial
Priyanshi Rathore,https://www.youtube.com/@codingchampionsbypriyanshi,4030,REJECTED,"4,030 subscribers is outside 5,000–100,000",power bi tutorial
Data with Baraa,https://www.youtube.com/@datawithbaraa,497000,REJECTED,"497,000 subscribers is outside 5,000–100,000",power bi tutorial
Other Level’s,https://www.youtube.com/@otherlevels,380000,REJECTED,"380,000 subscribers is outside 5,000–100,000",power bi tutorial
Vedakarna,https://www.youtube.com/@vedakarna.,59800,REJECTED,Engagement 1.30% < 2.00% minimum,power bi tutorial
Goodly,https://www.youtube.com/@goodlychandeep,142000,REJECTED,"142,000 subscribers is outside 5,000–100,000",power bi tutorial
Luke Finance,https://www.youtube.com/@lukefinance100,28600,REJECTED,Likes hidden on 9/9 sampled videos,power bi tutorial
Fernan | Power BI,https://www.youtube.com/@solutionsabroad,68400,QUALIFIED,,power bi tutorial
Power Tech Speck (Girish Uppal),https://www.youtube.com/@powertechspeck,6960,REJECTED,Engagement 1.14% < 2.00% minimum,power bi tutorial
AI Coach John (Tamil),https://www.youtube.com/@aicoachjohn,180000,REJECTED,"180,000 subscribers is outside 5,000–100,000",power bi tutorial
Data With Pankaj,https://www.youtube.com/@datawithpankaj_com,6250,REJECTED,Engagement 1.73% < 2.00% minimum,power bi tutorial
Paul J Lipsky,https://www.youtube.com/@pauljlipsky,506000,REJECTED,"506,000 subscribers is outside 5,000–100,000",chatgpt productivity tips
Cipher Tech & AI,https://www.youtube.com/@ciphertechai011,157,REJECTED,"157 subscribers is outside 5,000–100,000",chatgpt productivity tips
MeghaVerse,https://www.youtube.com/@meghaverse36,16000,QUALIFIED,,chatgpt productivity tips
MiraTech Nexus,https://www.youtube.com/@miratechnexus,62,REJECTED,"62 subscribers is outside 5,000–100,000",chatgpt productivity tips
Futurepedia,https://www.youtube.com/@futurepedia_io,756000,REJECTED,"756,000 subscribers is outside 5,000–100,000",chatgpt productivity tips
Alex Finn,https://www.youtube.com/@alexfinnofficial,240000,REJECTED,"240,000 subscribers is outside 5,000–100,000",chatgpt productivity tips
Charlie Chang,https://www.youtube.com/@charliechang,1460000,REJECTED,"1,460,000 subscribers is outside 5,000–100,000",chatgpt productivity tips
iSmart Shiva,https://www.youtube.com/@ismartshiva_official,3950000,REJECTED,"3,950,000 subscribers is outside 5,000–100,000",chatgpt productivity tips
Edowt,https://www.youtube.com/@edowt407,0,REJECTED,"0 subscribers is outside 5,000–100,000",chatgpt productivity tips
The info journey,https://www.youtube.com/@theinfojourney3,8190,REJECTED,Likes hidden on 3/3 sampled videos,chatgpt productivity tips
OpenAI,https://www.youtube.com/@openai,2080000,REJECTED,"2,080,000 subscribers is outside 5,000–100,000",chatgpt productivity tips
Tom Lyons,https://www.youtube.com/@tomlyons,315,REJECTED,"315 subscribers is outside 5,000–100,000",chatgpt productivity tips
The AI Impact | No BS  A.I Tips - Daily,https://www.youtube.com/@the-ai-impact,3910,REJECTED,"3,910 subscribers is outside 5,000–100,000",chatgpt productivity tips
Favourite Engineer,https://www.youtube.com/@favourite.engineer,145,REJECTED,"145 subscribers is outside 5,000–100,000",chatgpt productivity tips
Debjyoti Mukherjee,https://www.youtube.com/@placement.bhaiya,131,REJECTED,"131 subscribers is outside 5,000–100,000",chatgpt productivity tips
Tiny Upgrade ,https://www.youtube.com/@onetinyupgrade,16,REJECTED,"16 subscribers is outside 5,000–100,000",chatgpt productivity tips
The AI Productivity Coach,https://www.youtube.com/@aiproductivitycoach,39500,REJECTED,Engagement 1.99% < 2.00% minimum,chatgpt productivity tips
Jeff Su,https://www.youtube.com/@jeffsu,1910000,REJECTED,"1,910,000 subscribers is outside 5,000–100,000",chatgpt productivity tips
Gadgets 360,https://www.youtube.com/@gadgets360,854000,REJECTED,"854,000 subscribers is outside 5,000–100,000",chatgpt productivity tips
9x,https://www.youtube.com/@go9x,81600,REJECTED,Engagement 1.42% < 2.00% minimum,chatgpt productivity tips
Extreme How To's,https://www.youtube.com/@extremehowtos,3430,REJECTED,"3,430 subscribers is outside 5,000–100,000",chatgpt productivity tips
Everyday Tech Tips,https://www.youtube.com/@1000everydaytechtips,0,REJECTED,"0 subscribers is outside 5,000–100,000",chatgpt productivity tips
Tech Insite,https://www.youtube.com/@tech_insite,3030,REJECTED,"3,030 subscribers is outside 5,000–100,000",chatgpt productivity tips
Tee Time CEO,https://www.youtube.com/@teetimeceo,0,REJECTED,"0 subscribers is outside 5,000–100,000",chatgpt productivity tips
Creator Swift Shorts,https://www.youtube.com/@creatorswiftshorts,162000,REJECTED,"162,000 subscribers is outside 5,000–100,000",chatgpt productivity tips
properlyusefulai,https://www.youtube.com/@properlyusefulai,1,REJECTED,"1 subscribers is outside 5,000–100,000",chatgpt productivity tips
Technical hopes || AI • Tech • Trading,https://www.youtube.com/@ai.technicalhopes,172,REJECTED,"172 subscribers is outside 5,000–100,000",chatgpt productivity tips
Clone Labs,https://www.youtube.com/@theclonelabs,965,REJECTED,"965 subscribers is outside 5,000–100,000",chatgpt productivity tips
Tushar Jethva,https://www.youtube.com/@tezz.ai08,9570,REJECTED,Likes hidden on 8/8 sampled videos; Relevance 0.50 < 0.60,chatgpt productivity tips
The AI Advantage,https://www.youtube.com/@aiadvantage,485000,REJECTED,"485,000 subscribers is outside 5,000–100,000",chatgpt productivity tips
TechyGirl,https://www.youtube.com/@realtechygirl,214,REJECTED,"214 subscribers is outside 5,000–100,000",chatgpt productivity tips
softech_cheeku,https://www.youtube.com/@cheekusoftech,386,REJECTED,"386 subscribers is outside 5,000–100,000",chatgpt productivity tips
Arunspace,https://www.youtube.com/@arunspaceuk,129,REJECTED,"129 subscribers is outside 5,000–100,000",chatgpt productivity tips
Rajen Purohit ,https://www.youtube.com/@rajenlabs,3350,REJECTED,"3,350 subscribers is outside 5,000–100,000",chatgpt productivity tips
techvyshital,https://www.youtube.com/@techvy_shital,59700,QUALIFIED,,chatgpt productivity tips
Bobby Reyes,https://www.youtube.com/@bobbby.r,3520,REJECTED,"3,520 subscribers is outside 5,000–100,000",no code app builder tutorial
🔥 TOP Digital Products 🔥,https://www.youtube.com/@topdigitalproducts,32200,REJECTED,Classified as Business,no code app builder tutorial
Mikey No Code,https://www.youtube.com/@mikeynocode,165000,REJECTED,"165,000 subscribers is outside 5,000–100,000",no code app builder tutorial
Saumya Singh,https://www.youtube.com/@saumya1singh,318000,REJECTED,"318,000 subscribers is outside 5,000–100,000",no code app builder tutorial
Create a Pro Website,https://www.youtube.com/@createaprowebsite,494000,REJECTED,"494,000 subscribers is outside 5,000–100,000",no code app builder tutorial
VPNpro,https://www.youtube.com/@vpnprochannel,208000,REJECTED,"208,000 subscribers is outside 5,000–100,000",no code app builder tutorial
Mikey Website,https://www.youtube.com/@mikeywebsite,40800,REJECTED,Likes hidden on 9/9 sampled videos,no code app builder tutorial
SupriyaTechTalks,https://www.youtube.com/@supriyatechtalks,76800,REJECTED,Engagement 0.98% < 2.00% minimum,no code app builder tutorial
i Loos.....,https://www.youtube.com/@mixyox-9,16800,QUALIFIED,,no code app builder tutorial
Free Tutorial ,https://www.youtube.com/@freetutorial10,3,REJECTED,"3 subscribers is outside 5,000–100,000",no code app builder tutorial
Aftab Khan,https://www.youtube.com/@growwithaftab,71500,REJECTED,Likes hidden on 9/10 sampled videos,no code app builder tutorial
Komal Verse,https://www.youtube.com/@komalverse5656,23600,REJECTED,Engagement 1.71% < 2.00% minimum,no code app builder tutorial
Cybernews,https://www.youtube.com/@cybernews,950000,REJECTED,"950,000 subscribers is outside 5,000–100,000",no code app builder tutorial
Glideep,https://www.youtube.com/@glideep5283,3,REJECTED,"3 subscribers is outside 5,000–100,000",no code app builder tutorial
Hrishikesh Roy,https://www.youtube.com/@hrishikeshroyofficial,550000,REJECTED,"550,000 subscribers is outside 5,000–100,000",no code app builder tutorial
SylvainNoCode,https://www.youtube.com/@sylvainnocode593,7,REJECTED,"7 subscribers is outside 5,000–100,000",no code app builder tutorial
Brototype Tamil,https://www.youtube.com/@brototypetamil,235000,REJECTED,"235,000 subscribers is outside 5,000–100,000",no code app builder tutorial
Hexta AI,https://www.youtube.com/@hextaai,0,REJECTED,"0 subscribers is outside 5,000–100,000",no code app builder tutorial
Tech Plus AI,https://www.youtube.com/@techplusaivideos,34800,REJECTED,Engagement 1.61% < 2.00% minimum,no code app builder tutorial
Easy AI Coding,https://www.youtube.com/@easyaicoding,9850,QUALIFIED,,no code app builder tutorial
BuildWithAI,https://www.youtube.com/@buildwithaichannel,61700,QUALIFIED,,no code app builder tutorial
Kevin Stratvert,https://www.youtube.com/@kevinstratvert,4450000,REJECTED,"4,450,000 subscribers is outside 5,000–100,000",no code app builder tutorial
Mobimint,https://www.youtube.com/@instantappmobimint,4,REJECTED,"4 subscribers is outside 5,000–100,000",no code app builder tutorial
"HowToHacks Lab

",https://www.youtube.com/@howtohackslab,39,REJECTED,"39 subscribers is outside 5,000–100,000",no code app builder tutorial
Zinho Automates,https://www.youtube.com/@zinhoautomates,79700,REJECTED,Likes hidden on 9/9 sampled videos,no code app builder tutorial
Ele,https://www.youtube.com/@elena.10x,1,REJECTED,"1 subscribers is outside 5,000–100,000",no code app builder tutorial
Tech Simplified,https://www.youtube.com/@techsimplifiedwithme,104,REJECTED,"104 subscribers is outside 5,000–100,000",computer science concepts explained
Manisha Satpute,https://www.youtube.com/@techwithmanisha,36,REJECTED,"36 subscribers is outside 5,000–100,000",computer science concepts explained
Computer Science By Kabeer Kalhoro,https://www.youtube.com/@computersciencebykabeerkalhoro,276,REJECTED,"276 subscribers is outside 5,000–100,000",computer science concepts explained
Computer Science Explainer,https://www.youtube.com/@computerscienceexplainer,15300,QUALIFIED,,computer science concepts explained
YOLO Stories,https://www.youtube.com/@yolostories.sachintakmare,185,REJECTED,"185 subscribers is outside 5,000–100,000",computer science concepts explained
Science Made Cozy,https://www.youtube.com/@sciencemadecozy,2,REJECTED,"2 subscribers is outside 5,000–100,000",computer science concepts explained
CS with Rabia,https://www.youtube.com/@cswithrabia,43,REJECTED,"43 subscribers is outside 5,000–100,000",computer science concepts explained
Adda247 UGC NET ,https://www.youtube.com/@ugcnetadda247,1180000,REJECTED,"1,180,000 subscribers is outside 5,000–100,000",computer science concepts explained
Systems Explained,https://www.youtube.com/@systemsexplained-h9b,44,REJECTED,"44 subscribers is outside 5,000–100,000",computer science concepts explained
Ludiy Tech Academy,https://www.youtube.com/@ludiy_tech_academy,32,REJECTED,"32 subscribers is outside 5,000–100,000",computer science concepts explained
Computer Science Study Center,https://www.youtube.com/@cssc-r4e,6,REJECTED,"6 subscribers is outside 5,000–100,000",computer science concepts explained
Rajdeep Dutta,https://www.youtube.com/@softwareengineeringbyraj,147,REJECTED,"147 subscribers is outside 5,000–100,000",computer science concepts explained
Youth Af,https://www.youtube.com/@youthaf,139000,REJECTED,"139,000 subscribers is outside 5,000–100,000",computer science concepts explained
Chandana diaries,https://www.youtube.com/@chandanadiaries1,138,REJECTED,"138 subscribers is outside 5,000–100,000",computer science concepts explained
TechieMasterHub,https://www.youtube.com/@techiemasterhub,2,REJECTED,"2 subscribers is outside 5,000–100,000",computer science concepts explained
MS ScholarVerse ,https://www.youtube.com/@scholarversebymohini-154,1390,REJECTED,"1,390 subscribers is outside 5,000–100,000",computer science concepts explained
TechM Engine,https://www.youtube.com/@satyanarayanprajapati9665,193,REJECTED,"193 subscribers is outside 5,000–100,000",computer science concepts explained
Mrimmoaee Ahmed,https://www.youtube.com/@edexceleasyict,1650,REJECTED,"1,650 subscribers is outside 5,000–100,000",computer science concepts explained
Lattice,https://www.youtube.com/@latticx,74000,QUALIFIED,,computer science concepts explained
Quick Study hub,https://www.youtube.com/@quick_study_hub_86,269,REJECTED,"269 subscribers is outside 5,000–100,000",computer science concepts explained
No Fluff Academy,https://www.youtube.com/@nofluffacademy,104000,REJECTED,"104,000 subscribers is outside 5,000–100,000",computer science concepts explained
Learnify Cs,https://www.youtube.com/@learnifycs,414,REJECTED,"414 subscribers is outside 5,000–100,000",computer science concepts explained
BuildwithPunith,https://www.youtube.com/@buildwithpunith,104,REJECTED,"104 subscribers is outside 5,000–100,000",computer science concepts explained
Simplex Academy,https://www.youtube.com/@simplexacademy10,9430,QUALIFIED,,computer science concepts explained
Bub Explains,https://www.youtube.com/@bub.explains,100000,REJECTED,Engagement 1.19% < 2.00% minimum,computer science concepts explained
NeuralNerd [IIIT Vadodara],https://www.youtube.com/@sbndbhanu546,103,REJECTED,"103 subscribers is outside 5,000–100,000",computer science concepts explained
Linux World,https://www.youtube.com/@linuxworldx,2,REJECTED,"2 subscribers is outside 5,000–100,000",computer science concepts explained
Kuls Tech,https://www.youtube.com/@kulstech,124,REJECTED,"124 subscribers is outside 5,000–100,000",computer science concepts explained
Oly Shahriar Hasan,https://www.youtube.com/@olyshahriar,42,REJECTED,"42 subscribers is outside 5,000–100,000",computer science concepts explained
RainbowTech Institute,https://www.youtube.com/@rainbowtech-institute,2450,REJECTED,"2,450 subscribers is outside 5,000–100,000",computer science concepts explained
Core Dumped,https://www.youtube.com/@coredumpped,512000,REJECTED,"512,000 subscribers is outside 5,000–100,000",computer science concepts explained
Learn with Vijya Tulsani,https://www.youtube.com/@vijya_tulsani,515,REJECTED,"515 subscribers is outside 5,000–100,000",computer science concepts explained
Programming with Pushplata,https://www.youtube.com/@programmingwithpushplata,545,REJECTED,"545 subscribers is outside 5,000–100,000",computer science concepts explained
Zain Hassan,https://www.youtube.com/@hassanzayn687,11700,QUALIFIED,,computer science concepts explained
Bit Byte,https://www.youtube.com/@bitbyte-g1f,28,REJECTED,"28 subscribers is outside 5,000–100,000",computer science concepts explained
CSITMasteryHub,https://www.youtube.com/@csitmasteryhub,5140,QUALIFIED,,computer science concepts explained
HireMe Coding ,https://www.youtube.com/@hiremecoding,32,REJECTED,"32 subscribers is outside 5,000–100,000",computer science concepts explained
Quiet Machine,https://www.youtube.com/@quietmachineyt,9,REJECTED,"9 subscribers is outside 5,000–100,000",computer science concepts explained
Manjeet Rai - Computer Science,https://www.youtube.com/@manjeetraicomputerscience,10800,REJECTED,Engagement 1.93% < 2.00% minimum,computer science concepts explained
Concepts of Computer,https://www.youtube.com/@conceptsofcomputer-11,8,REJECTED,"8 subscribers is outside 5,000–100,000",computer science concepts explained
Learn With Qaiser,https://www.youtube.com/@learnwithqaiser,987,REJECTED,"987 subscribers is outside 5,000–100,000",computer science concepts explained
CodingWithKundan,https://www.youtube.com/@coding_with_kundan,79100,QUALIFIED,,computer science concepts explained
Career Tech-Talks,https://www.youtube.com/@careertechtalks,789,REJECTED,"789 subscribers is outside 5,000–100,000",tech career advice for freshers
Offscript ऐकताय का?,https://www.youtube.com/@yashbarde-n3i,80,REJECTED,"80 subscribers is outside 5,000–100,000",tech career advice for freshers
Shivangi Tiwari,https://www.youtube.com/@shivangitiwari5544,124000,REJECTED,"124,000 subscribers is outside 5,000–100,000",tech career advice for freshers
CodeHelp - by Babbar,https://www.youtube.com/@codehelp,870000,REJECTED,"870,000 subscribers is outside 5,000–100,000",tech career advice for freshers
JTC INDIA,https://www.youtube.com/@jtcindia,39200,REJECTED,Engagement 1.96% < 2.00% minimum,tech career advice for freshers
Pallavi Education,https://www.youtube.com/@pallavitveducation,58000,REJECTED,Only 0 eligible videos (need 3); Relevance 0.50 < 0.60; Content language: other,tech career advice for freshers
Jake's Tech,https://www.youtube.com/@jakestechjourney,35900,QUALIFIED,,tech career advice for freshers
The Ravi Vlogs,https://www.youtube.com/@theravivlogs57,26600,REJECTED,Likes hidden on 8/8 sampled videos,tech career advice for freshers
Apporva arya,https://www.youtube.com/@apporvaarya,20400,REJECTED,Engagement 1.42% < 2.00% minimum,tech career advice for freshers
SN Exam Wallah ,https://www.youtube.com/@snexamwallah,294,REJECTED,"294 subscribers is outside 5,000–100,000",tech career advice for freshers
Jean Lee,https://www.youtube.com/@exaltitude,121000,REJECTED,"121,000 subscribers is outside 5,000–100,000",tech career advice for freshers
Simran,https://www.youtube.com/@chiccorporatestudy,5010,REJECTED,Engagement 1.46% < 2.00% minimum,tech career advice for freshers
Mr. Shaikh (Data & AI),https://www.youtube.com/@techyshaikh,34,REJECTED,"34 subscribers is outside 5,000–100,000",tech career advice for freshers
UNIQ Technologies,https://www.youtube.com/@uniqtechnologiesofficial,143000,REJECTED,"143,000 subscribers is outside 5,000–100,000",tech career advice for freshers
Sunny Kumar,https://www.youtube.com/@growth_spree,299,REJECTED,"299 subscribers is outside 5,000–100,000",tech career advice for freshers
Parul Prashar,https://www.youtube.com/@collegeguide018,4190,REJECTED,"4,190 subscribers is outside 5,000–100,000",tech career advice for freshers
Tech With Soleyman Highlights,https://www.youtube.com/@techwithsoleymanhighlights,2790,REJECTED,"2,790 subscribers is outside 5,000–100,000",tech career advice for freshers
The Tech Gossip,https://www.youtube.com/@the.tech.gossip,0,REJECTED,"0 subscribers is outside 5,000–100,000",tech career advice for freshers
Career Adda,https://www.youtube.com/@careeradda33,536000,REJECTED,"536,000 subscribers is outside 5,000–100,000",tech career advice for freshers
Koder,https://www.youtube.com/@koder30,19,REJECTED,"19 subscribers is outside 5,000–100,000",tech career advice for freshers
Career Guidance with Ramana,https://www.youtube.com/@careerguidancewithramana,24300,QUALIFIED,,tech career advice for freshers
Gaurisha Garg,https://www.youtube.com/@careerwithgaurisha,359,REJECTED,"359 subscribers is outside 5,000–100,000",tech career advice for freshers
ShekarPawar,https://www.youtube.com/@shekarpawaar,910,REJECTED,"910 subscribers is outside 5,000–100,000",tech career advice for freshers
Naukari Wala,https://www.youtube.com/@naukariwalaa,297000,REJECTED,"297,000 subscribers is outside 5,000–100,000",tech career advice for freshers
AskJai,https://www.youtube.com/@askjaiuk,98400,REJECTED,Only 1 eligible videos (need 3),tech career advice for freshers
iDream Campus,https://www.youtube.com/@idreamcampus,78500,REJECTED,Only 0 eligible videos (need 3),tech career advice for freshers
Converge360,https://www.youtube.com/@converge360,1580,REJECTED,"1,580 subscribers is outside 5,000–100,000",tech career advice for freshers
AE JE Testbook,https://www.youtube.com/@aejetestbook,554000,REJECTED,"554,000 subscribers is outside 5,000–100,000",tech career advice for freshers
Suman Mpm,https://www.youtube.com/@suman_mpm,135000,REJECTED,"135,000 subscribers is outside 5,000–100,000",tech career advice for freshers
Faisal Memon,https://www.youtube.com/@faisalfromembarkx,15600,REJECTED,Engagement 1.30% < 2.00% minimum,tech career advice for freshers
Soumya Vibes,https://www.youtube.com/@soumyavibes-y6e,1290,REJECTED,"1,290 subscribers is outside 5,000–100,000",tech career advice for freshers
College Circle,https://www.youtube.com/@college_circle,1280,REJECTED,"1,280 subscribers is outside 5,000–100,000",tech career advice for freshers
Foundthejob ,https://www.youtube.com/@foundthejob,28600,REJECTED,Engagement 1.19% < 2.00% minimum; Classified as Business; Relevance 0.50 < 0.60,tech career advice for freshers
Common jobs,https://www.youtube.com/@commonjobs,31300,REJECTED,Engagement 0.94% < 2.00% minimum; Classified as Business; Relevance 0.50 < 0.60,tech career advice for freshers
Kaashiv Infotech Student Review,https://www.youtube.com/@kaashivinfotechstudentreview,27200,REJECTED,Engagement 1.17% < 2.00% minimum,tech career advice for freshers
Joshi Sanidhya ,https://www.youtube.com/@sanidhyajoshi,4200,REJECTED,"4,200 subscribers is outside 5,000–100,000",tech career advice for freshers
Prakash Patel,https://www.youtube.com/@prakash.career,64,REJECTED,"64 subscribers is outside 5,000–100,000",tech career advice for freshers
Free Audiobook,https://www.youtube.com/@free_audiobook_51,15,REJECTED,"15 subscribers is outside 5,000–100,000",tech career advice for freshers
Promise Ekeh ,https://www.youtube.com/@promisekeh,2550,REJECTED,"2,550 subscribers is outside 5,000–100,000",tech career advice for freshers
Ugo Okoh,https://www.youtube.com/@ugookoh,32900,QUALIFIED,,software engineer day in the life
Collin L,https://www.youtube.com/@collinli2353,89,REJECTED,"89 subscribers is outside 5,000–100,000",software engineer day in the life
Onners,https://www.youtube.com/@onnersss,695,REJECTED,"695 subscribers is outside 5,000–100,000",software engineer day in the life
Unfiltered Satyam,https://www.youtube.com/@unfiltered.satyam7,705,REJECTED,"705 subscribers is outside 5,000–100,000",software engineer day in the life
moniqaverse,https://www.youtube.com/@moniqaverse,35,REJECTED,"35 subscribers is outside 5,000–100,000",software engineer day in the life
Brian Ruiz,https://www.youtube.com/@brianruizy,103000,REJECTED,"103,000 subscribers is outside 5,000–100,000",software engineer day in the life
Bhai Seriously?,https://www.youtube.com/@bhai_seriously,87,REJECTED,"87 subscribers is outside 5,000–100,000",software engineer day in the life
xinknowsyue,https://www.youtube.com/@xinknowsyue,6690,QUALIFIED,,software engineer day in the life
Marathmoli_mulgi,https://www.youtube.com/@marathmolimulgi,7330,REJECTED,Classified as Lifestyle; Relevance 0.20 < 0.60,software engineer day in the life
Saf & Lahraib,https://www.youtube.com/@safandlahraib,23,REJECTED,"23 subscribers is outside 5,000–100,000",software engineer day in the life
gazi,https://www.youtube.com/@gaziai,264000,REJECTED,"264,000 subscribers is outside 5,000–100,000",software engineer day in the life
Dan & Jun,https://www.youtube.com/@danjuntech,4950,REJECTED,"4,950 subscribers is outside 5,000–100,000",software engineer day in the life
Sakthi Kumar,https://www.youtube.com/@iamsakthikumar,1650,REJECTED,"1,650 subscribers is outside 5,000–100,000",software engineer day in the life
Allen Tran,https://www.youtube.com/@allenvert_,9280,REJECTED,Engagement 1.06% < 2.00% minimum,software engineer day in the life
Sweta Dahal,https://www.youtube.com/@sweta_dahal,3260,REJECTED,"3,260 subscribers is outside 5,000–100,000",software engineer day in the life
Luke Made It,https://www.youtube.com/@lukemadeit,149000,REJECTED,"149,000 subscribers is outside 5,000–100,000",software engineer day in the life
Phillip Choi,https://www.youtube.com/@letphil,168000,REJECTED,"168,000 subscribers is outside 5,000–100,000",software engineer day in the life
Kumar Deepak,https://www.youtube.com/@deepak90048,15,REJECTED,"15 subscribers is outside 5,000–100,000",software engineer day in the life
Hendrawan Hadikusuma,https://www.youtube.com/@hendrawanhadikusuma,16,REJECTED,"16 subscribers is outside 5,000–100,000",software engineer day in the life
Divyanshi Srivastava,https://www.youtube.com/@goldendelphi,66300,QUALIFIED,,software engineer day in the life
Nariman Tavakoli,https://www.youtube.com/@nariman_tvk,3,REJECTED,"3 subscribers is outside 5,000–100,000",software engineer day in the life
it's jepi🧑‍💻,https://www.youtube.com/@its_jepi,20000,REJECTED,Classified as Lifestyle,software engineer day in the life
Sarah Li,https://www.youtube.com/@sarahliyt,110000,REJECTED,"110,000 subscribers is outside 5,000–100,000",software engineer day in the life
Gazal Arora,https://www.youtube.com/@unfilteredgazal,566,REJECTED,"566 subscribers is outside 5,000–100,000",software engineer day in the life
Naolife,https://www.youtube.com/@nao-life74,60300,REJECTED,Classified as Lifestyle,software engineer day in the life
Anirudh Pratap,https://www.youtube.com/@_anirudhpratap_,272,REJECTED,"272 subscribers is outside 5,000–100,000",software engineer day in the life
Anshul Ganumpally,https://www.youtube.com/@anshulg614,322,REJECTED,"322 subscribers is outside 5,000–100,000",software engineer day in the life
Abhishek Dhanaliya,https://www.youtube.com/@abhishekdhanaliya,616,REJECTED,"616 subscribers is outside 5,000–100,000",software engineer day in the life
Citadel,https://www.youtube.com/@citadelllc,25800,REJECTED,Likes hidden on 10/10 sampled videos; Classified as Business,software engineer day in the life
Mike,https://www.youtube.com/@mikeebbs,862,REJECTED,"862 subscribers is outside 5,000–100,000",software engineer day in the life
Bayar Tech,https://www.youtube.com/@bayartech,931,REJECTED,"931 subscribers is outside 5,000–100,000",software engineer day in the life
Tina Chi,https://www.youtube.com/@tinahelloworld,6850,QUALIFIED,,software engineer day in the life
Coder dev,https://www.youtube.com/@coderjii,98,REJECTED,"98 subscribers is outside 5,000–100,000",software engineer day in the life
Taani The Engineer,https://www.youtube.com/@taanitheengineer,94,REJECTED,"94 subscribers is outside 5,000–100,000",software engineer day in the life
Marko,https://www.youtube.com/@withmarko,231000,REJECTED,"231,000 subscribers is outside 5,000–100,000",software engineer day in the life
Divij Bhola,https://www.youtube.com/@divijbhola,1290,REJECTED,"1,290 subscribers is outside 5,000–100,000",software engineer day in the life
Ibon Cañete,https://www.youtube.com/@iboncanete3806,1190,REJECTED,"1,190 subscribers is outside 5,000–100,000",software engineer day in the life
Mahade DIY,https://www.youtube.com/@mahade_diy,9050,REJECTED,Engagement 1.63% < 2.00% minimum,arduino project tutorial
EAZYTRONIC,https://www.youtube.com/@eazytronic9394,231000,REJECTED,"231,000 subscribers is outside 5,000–100,000",arduino project tutorial
Ram Invented Tech,https://www.youtube.com/@raminventedtech3556,2970,REJECTED,"2,970 subscribers is outside 5,000–100,000",arduino project tutorial
Aditya invents,https://www.youtube.com/@adityainvents,22400,QUALIFIED,,arduino project tutorial
M TechWorks,https://www.youtube.com/@mtechworks,5,REJECTED,"5 subscribers is outside 5,000–100,000",arduino project tutorial
Er. Amar Gupta ,https://www.youtube.com/@ai_robotics_trainer_01,305,REJECTED,"305 subscribers is outside 5,000–100,000",arduino project tutorial
Technical Hut,https://www.youtube.com/@technicalhut2085,10200,REJECTED,Engagement 0.94% < 2.00% minimum,arduino project tutorial
Alone Creator,https://www.youtube.com/@alonecreator21,324000,REJECTED,"324,000 subscribers is outside 5,000–100,000",arduino project tutorial
SMD VIBE,https://www.youtube.com/@smdvibe,31400,REJECTED,Engagement 0.98% < 2.00% minimum,arduino project tutorial
Chaarpi Innovations,https://www.youtube.com/@chaarpiinnovations,46,REJECTED,"46 subscribers is outside 5,000–100,000",arduino project tutorial
BL Projects,https://www.youtube.com/@blprojectlab,35200,REJECTED,Engagement 0.83% < 2.00% minimum,arduino project tutorial
Arduino Titan,https://www.youtube.com/@arduinotitan,5860,REJECTED,Engagement 1.86% < 2.00% minimum,arduino project tutorial
Mario's Ideas,https://www.youtube.com/@marios_ideas,28800,QUALIFIED,,arduino project tutorial
Bedroom Engineer,https://www.youtube.com/@bedroom_engineer,2,REJECTED,"2 subscribers is outside 5,000–100,000",arduino project tutorial
Creative Dc motar ,https://www.youtube.com/@creativedcmotar,30600,REJECTED,Engagement 0.34% < 2.00% minimum; Relevance 0.50 < 0.60,arduino project tutorial
Roboarmy,https://www.youtube.com/@robo_army_,79600,REJECTED,Engagement 1.82% < 2.00% minimum,arduino project tutorial
XiLiR Technologies,https://www.youtube.com/@xilirtechnologies,19100,REJECTED,Engagement 1.95% < 2.00% minimum,arduino project tutorial
Tiki Tack Robotics ,https://www.youtube.com/@tikitackrobotics,1310,REJECTED,"1,310 subscribers is outside 5,000–100,000",arduino project tutorial
Hamza Robo,https://www.youtube.com/@hamzarobo,72900,REJECTED,Engagement 1.40% < 2.00% minimum,arduino project tutorial
What'sUp Creators,https://www.youtube.com/@whatsupcreators5442,3180,REJECTED,"3,180 subscribers is outside 5,000–100,000",arduino project tutorial
Creative Shorts,https://www.youtube.com/@creativeshort-s,185000,REJECTED,"185,000 subscribers is outside 5,000–100,000",arduino project tutorial
Tech Talkies,https://www.youtube.com/@techtalkies1,24400,REJECTED,Engagement 1.14% < 2.00% minimum,arduino project tutorial
Nakul Sahu Art,https://www.youtube.com/@nakulsahuart,165000,REJECTED,"165,000 subscribers is outside 5,000–100,000",arduino project tutorial
AmithLabs,https://www.youtube.com/@amithlabs,1350,REJECTED,"1,350 subscribers is outside 5,000–100,000",arduino project tutorial
Fusion Labs,https://www.youtube.com/@officialfusionlabs,372,REJECTED,"372 subscribers is outside 5,000–100,000",arduino project tutorial
MW Electronics Lab,https://www.youtube.com/@mwelectronicslab,154000,REJECTED,"154,000 subscribers is outside 5,000–100,000",arduino project tutorial
Atom Elite,https://www.youtube.com/@atom_elite,9270,REJECTED,Likes hidden on 6/6 sampled videos; Relevance 0.40 < 0.60,arduino project tutorial
Robogic Technology,https://www.youtube.com/@robogictechnology,405,REJECTED,"405 subscribers is outside 5,000–100,000",arduino project tutorial
mar's table,https://www.youtube.com/@mrym.lqy4,10,REJECTED,"10 subscribers is outside 5,000–100,000",arduino project tutorial
FEATURE.,https://www.youtube.com/@featurenab,25000,QUALIFIED,,arduino project tutorial
DIY Electrix,https://www.youtube.com/@diyelectrix,86900,REJECTED,Engagement 1.39% < 2.00% minimum,arduino project tutorial
PROJECTRONICS,https://www.youtube.com/@projectronics,59000,REJECTED,Engagement 1.03% < 2.00% minimum,arduino project tutorial
Nikola Tech,https://www.youtube.com/@nikola_tech11,5600,REJECTED,Engagement 1.13% < 2.00% minimum,arduino project tutorial
Burak Selcuk,https://www.youtube.com/@burakselcuk3488,878,REJECTED,"878 subscribers is outside 5,000–100,000",arduino project tutorial
KIMINOLOGY TV,https://www.youtube.com/@kiminologytv,354,REJECTED,"354 subscribers is outside 5,000–100,000",arduino project tutorial
SunFounder Maker Education,https://www.youtube.com/@sunfounder_official,160000,REJECTED,"160,000 subscribers is outside 5,000–100,000",arduino project tutorial
Simple Circuits,https://www.youtube.com/@simplecircuitsofficial,26000,REJECTED,Engagement 0.66% < 2.00% minimum,arduino project tutorial
Magic Project ,https://www.youtube.com/@project_i8l-6,19000,REJECTED,Engagement 0.38% < 2.00% minimum; Relevance 0.50 < 0.60,arduino project tutorial
Robotos,https://www.youtube.com/@robotos211,35900,REJECTED,Engagement 1.25% < 2.00% minimum,arduino project tutorial
Servo Lab,https://www.youtube.com/@servo_lab,21,REJECTED,"21 subscribers is outside 5,000–100,000",arduino project tutorial
Designbyheti,https://www.youtube.com/@designbyheti,306,REJECTED,"306 subscribers is outside 5,000–100,000",ui ux design tutorial
UI Collective,https://www.youtube.com/@uicollectivedesign,70400,QUALIFIED,,ui ux design tutorial
Ali Hassan,https://www.youtube.com/@alihassanux,49500,QUALIFIED,,ui ux design tutorial
Designshala,https://www.youtube.com/@designshala_design,36100,QUALIFIED,,ui ux design tutorial
Graphic Elements,https://www.youtube.com/@graphicelements1,3850,REJECTED,"3,850 subscribers is outside 5,000–100,000",ui ux design tutorial
Yotta Tech,https://www.youtube.com/@yottatechie,721,REJECTED,"721 subscribers is outside 5,000–100,000",ui ux design tutorial
AGS DESIGNER,https://www.youtube.com/@agsdesigner,427,REJECTED,"427 subscribers is outside 5,000–100,000",ui ux design tutorial
SATISHUX.1,https://www.youtube.com/@satishux.1,16,REJECTED,"16 subscribers is outside 5,000–100,000",ui ux design tutorial
UX Charan,https://www.youtube.com/@uxuicharan,77,REJECTED,"77 subscribers is outside 5,000–100,000",ui ux design tutorial
Nehmat Gereige | AI-Design Professor,https://www.youtube.com/@nehmatgereige,8470,REJECTED,Engagement 1.79% < 2.00% minimum,ui ux design tutorial
Design with Habib,https://www.youtube.com/@designwithhabib,83,REJECTED,"83 subscribers is outside 5,000–100,000",ui ux design tutorial
Christeena Vincent,https://www.youtube.com/@christeenavincent,789,REJECTED,"789 subscribers is outside 5,000–100,000",ui ux design tutorial
Ankit Gajera,https://www.youtube.com/@ankitgajeraofficial,4070,REJECTED,"4,070 subscribers is outside 5,000–100,000",ui ux design tutorial
Seddyworld Digital ,https://www.youtube.com/@seddyworlddigital,840,REJECTED,"840 subscribers is outside 5,000–100,000",ui ux design tutorial
Dsingr,https://www.youtube.com/@dsingr,10000,REJECTED,Engagement 1.10% < 2.00% minimum,ui ux design tutorial
Creativo,https://www.youtube.com/@creativo-b4r,14000,QUALIFIED,,ui ux design tutorial
The Virgo Design,https://www.youtube.com/@virgodesignagency,1230,REJECTED,"1,230 subscribers is outside 5,000–100,000",ui ux design tutorial
Kole Jain,https://www.youtube.com/@kolejain,75200,QUALIFIED,,ui ux design tutorial
Pixora,https://www.youtube.com/@pixora.24,16,REJECTED,"16 subscribers is outside 5,000–100,000",ui ux design tutorial
Saptarshi Prakash,https://www.youtube.com/@saptarshipr,168000,REJECTED,"168,000 subscribers is outside 5,000–100,000",ui ux design tutorial
Preethika S V,https://www.youtube.com/@preethikasv,3,REJECTED,"3 subscribers is outside 5,000–100,000",ui ux design tutorial
Internmitra,https://www.youtube.com/@internmitra,1390,REJECTED,"1,390 subscribers is outside 5,000–100,000",ui ux design tutorial
ICT BYTE,https://www.youtube.com/@ictbyte,423,REJECTED,"423 subscribers is outside 5,000–100,000",ui ux design tutorial
uxpeak,https://www.youtube.com/@uxpeak,128000,REJECTED,"128,000 subscribers is outside 5,000–100,000",ui ux design tutorial
UX Pacific,https://www.youtube.com/@uxpacific,37,REJECTED,"37 subscribers is outside 5,000–100,000",ui ux design tutorial
Khurram Ahmed,https://www.youtube.com/@khurramgd,0,REJECTED,"0 subscribers is outside 5,000–100,000",ui ux design tutorial
LearnLogic,https://www.youtube.com/@learnlogic-08,106,REJECTED,"106 subscribers is outside 5,000–100,000",ui ux design tutorial
DVxUI,https://www.youtube.com/@dvxui0912,17300,REJECTED,Engagement 1.77% < 2.00% minimum,ui ux design tutorial
Manware,https://www.youtube.com/@iammanware,63200,QUALIFIED,,how to learn programming
Code Wizzard,https://www.youtube.com/@samcodewizzard,181,REJECTED,"181 subscribers is outside 5,000–100,000",how to learn programming
Sajjaad Khader,https://www.youtube.com/@sajjaadkhader,351000,REJECTED,"351,000 subscribers is outside 5,000–100,000",how to learn programming
Neeraj Walia,https://www.youtube.com/@ezsnippat,852000,REJECTED,"852,000 subscribers is outside 5,000–100,000",how to learn programming
VIPIN KUMAR YADAV,https://www.youtube.com/@vipinyadavcnc,66700,REJECTED,Likes hidden on 3/3 sampled videos,how to learn programming
Study Site,https://www.youtube.com/@studysitenp,89,REJECTED,"89 subscribers is outside 5,000–100,000",how to learn programming
Development Rider,https://www.youtube.com/@development-rider-ab,6,REJECTED,"6 subscribers is outside 5,000–100,000",how to learn programming
Swaroop Talks,https://www.youtube.com/@swaroopvitb,502000,REJECTED,"502,000 subscribers is outside 5,000–100,000",how to learn programming
Carrier with code ,https://www.youtube.com/@carrier_with_code,2300,REJECTED,"2,300 subscribers is outside 5,000–100,000",how to learn programming
EO,https://www.youtube.com/@eoglobal,709000,REJECTED,"709,000 subscribers is outside 5,000–100,000",how to learn programming
CodeBloom Marathi,https://www.youtube.com/@codebloom02,6,REJECTED,"6 subscribers is outside 5,000–100,000",how to learn programming
Coding Jesus (getcracked.io),https://www.youtube.com/@codingjesus,288000,REJECTED,"288,000 subscribers is outside 5,000–100,000",how to learn programming
CodeNest ,https://www.youtube.com/@codenest-p2k,1,REJECTED,"1 subscribers is outside 5,000–100,000",how to learn programming
CyberFlow,https://www.youtube.com/@cyberflow10,414000,REJECTED,"414,000 subscribers is outside 5,000–100,000",how to learn programming
Coma,https://www.youtube.com/@comagg,84800,REJECTED,Classified as Entertainment; Relevance 0.20 < 0.60,how to learn programming
Maddy Zhang,https://www.youtube.com/@maddyzhang,91400,QUALIFIED,,how to learn programming
QuikZen,https://www.youtube.com/@quikzen-vu,17,REJECTED,"17 subscribers is outside 5,000–100,000",how to learn programming
Blow Fan,https://www.youtube.com/@blowfan,17400,REJECTED,Relevance 0.50 < 0.60,how to learn programming
BCA Fundas by Sunstone,https://www.youtube.com/@bcafundasbysunstone,186000,REJECTED,"186,000 subscribers is outside 5,000–100,000",how to learn programming
Anu Sharma,https://www.youtube.com/@anusharma02,65500,REJECTED,Engagement 1.22% < 2.00% minimum,how to learn programming
Andrew Codesmith,https://www.youtube.com/@andrewcodesmith,122000,REJECTED,"122,000 subscribers is outside 5,000–100,000",how to learn programming
Musadiq Pro Skills ,https://www.youtube.com/@musadiqproskills-x6m,210,REJECTED,"210 subscribers is outside 5,000–100,000",how to learn programming
LearnCodez,https://www.youtube.com/@learncodez,4450,REJECTED,"4,450 subscribers is outside 5,000–100,000",how to learn programming
WebKnower,https://www.youtube.com/@webknower,109000,REJECTED,"109,000 subscribers is outside 5,000–100,000",how to learn programming
Erik Cupsa,https://www.youtube.com/@swerikcodes,124000,REJECTED,"124,000 subscribers is outside 5,000–100,000",how to learn programming
